product_id,product_display_name,garment_type,role,side,subrole,piece_id,source_archive,source_relative_path,canvas_w,canvas_h,bbox_x,bbox_y,bbox_w,bbox_h,analysis_scale,hero_score,can_hold_face,seam_risk,is_overlay,must_match_underlay,guide_preview_jpg
adult_jumpsuit_design_template,Adult-Jumpsuit-Design-Template,adult_jumpsuit,back_panel,back,component_1,adult_jumpsuit_design_template__back_side__shape_01,Adult-Jumpsuit-Design-Template (1)(2).zip,Back side.png,10984,10984,5529,281,2600,10191,0.0819373634377276,72,True,medium,False,False,guide_previews/adult_jumpsuit_design_template__back_side__shape_01_guide_preview.jpg
adult_jumpsuit_design_template,Adult-Jumpsuit-Design-Template,adult_jumpsuit,back_panel,back,component_2,adult_jumpsuit_design_template__back_side__shape_02,Adult-Jumpsuit-Design-Template (1)(2).zip,Back side.png,10984,10984,2844,281,2612,9007,0.0819373634377276,72,True,medium,False,False,guide_previews/adult_jumpsuit_design_template__back_side__shape_02_guide_preview.jpg
adult_jumpsuit_design_template,Adult-Jumpsuit-Design-Template,adult_jumpsuit,back_panel,back,component_3,adult_jumpsuit_design_template__back_side__shape_03,Adult-Jumpsuit-Design-Template (1)(2).zip,Back side.png,10984,10984,2990,9288,1745,1416,0.0819373634377276,10,False,medium,False,False,guide_previews/adult_jumpsuit_design_template__back_side__shape_03_guide_preview.jpg
adult_jumpsuit_design_template,Adult-Jumpsuit-Design-Template,adult_jumpsuit,back_panel,back,component_4,adult_jumpsuit_design_template__back_side__shape_04,Adult-Jumpsuit-Design-Template (1)(2).zip,Back side.png,10984,10984,6249,9349,1745,1355,0.0819373634377276,10,False,medium,False,False,guide_previews/adult_jumpsuit_design_template__back_side__shape_04_guide_preview.jpg
adult_jumpsuit_design_template,Adult-Jumpsuit-Design-Template,adult_jumpsuit,front_panel,front,component_1,adult_jumpsuit_design_template__front_side__shape_01,Adult-Jumpsuit-Design-Template (1)(2).zip,Front side.png,10984,10984,5590,256,2209,10215,0.0819373634377276,90,True,medium,False,False,guide_previews/adult_jumpsuit_design_template__front_side__shape_01_guide_preview.jpg
adult_jumpsuit_design_template,Adult-Jumpsuit-Design-Template,adult_jumpsuit,front_panel,front,component_2,adult_jumpsuit_design_template__front_side__shape_02,Adult-Jumpsuit-Design-Template (1)(2).zip,Front side.png,10984,10984,3185,268,2209,10215,0.0819373634377276,90,True,medium,False,False,guide_previews/adult_jumpsuit_design_template__front_side__shape_02_guide_preview.jpg
adult_jumpsuit_design_template,Adult-Jumpsuit-Design-Template,adult_jumpsuit,hood,unknown,component_1,adult_jumpsuit_design_template__hood__shape_01,Adult-Jumpsuit-Design-Template (1)(2).zip,Hood.png,7087,7087,1339,614,1992,2795,0.12699308593198816,45,False,medium_high,False,False,guide_previews/adult_jumpsuit_design_template__hood__shape_01_guide_preview.jpg
adult_jumpsuit_design_template,Adult-Jumpsuit-Design-Template,adult_jumpsuit,hood,unknown,component_2,adult_jumpsuit_design_template__hood__shape_02,Adult-Jumpsuit-Design-Template (1)(2).zip,Hood.png,7087,7087,3756,614,1992,2795,0.12699308593198816,45,False,medium_high,False,False,guide_previews/adult_jumpsuit_design_template__hood__shape_02_guide_preview.jpg
adult_jumpsuit_design_template,Adult-Jumpsuit-Design-Template,adult_jumpsuit,hood,unknown,component_3,adult_jumpsuit_design_template__hood__shape_03,Adult-Jumpsuit-Design-Template (1)(2).zip,Hood.png,7087,7087,1591,3685,1740,2677,0.12699308593198816,45,False,medium_high,False,False,guide_previews/adult_jumpsuit_design_template__hood__shape_03_guide_preview.jpg
adult_jumpsuit_design_template,Adult-Jumpsuit-Design-Template,adult_jumpsuit,hood,unknown,component_4,adult_jumpsuit_design_template__hood__shape_04,Adult-Jumpsuit-Design-Template (1)(2).zip,Hood.png,7087,7087,3756,3685,1732,2677,0.12699308593198816,45,False,medium_high,False,False,guide_previews/adult_jumpsuit_design_template__hood__shape_04_guide_preview.jpg
adult_jumpsuit_design_template,Adult-Jumpsuit-Design-Template,adult_jumpsuit,hood,unknown,component_5,adult_jumpsuit_design_template__hood__shape_05,Adult-Jumpsuit-Design-Template (1)(2).zip,Hood.png,7087,7087,4898,3874,441,480,0.12699308593198816,10,False,medium_high,False,False,guide_previews/adult_jumpsuit_design_template__hood__shape_05_guide_preview.jpg
adult_jumpsuit_design_template,Adult-Jumpsuit-Design-Template,adult_jumpsuit,hood,unknown,component_6,adult_jumpsuit_design_template__hood__shape_06,Adult-Jumpsuit-Design-Template (1)(2).zip,Hood.png,7087,7087,1748,3874,441,480,0.12699308593198816,10,False,medium_high,False,False,guide_previews/adult_jumpsuit_design_template__hood__shape_06_guide_preview.jpg
adult_jumpsuit_design_template,Adult-Jumpsuit-Design-Template,adult_jumpsuit,kangaroo_pocket,unknown,component_1,adult_jumpsuit_design_template__kangaroo_pocket__shape_01,Adult-Jumpsuit-Design-Template (1)(2).zip,Kangaroo pocket.png,4134,4134,225,1323,1401,1603,0.21770682148040638,18,False,medium_high,True,True,guide_previews/adult_jumpsuit_design_template__kangaroo_pocket__shape_01_guide_preview.jpg
adult_jumpsuit_design_template,Adult-Jumpsuit-Design-Template,adult_jumpsuit,kangaroo_pocket,unknown,component_2,adult_jumpsuit_design_template__kangaroo_pocket__shape_02,Adult-Jumpsuit-Design-Template (1)(2).zip,Kangaroo pocket.png,4134,4134,2513,1318,1396,1608,0.21770682148040638,18,False,medium_high,True,True,guide_previews/adult_jumpsuit_design_template__kangaroo_pocket__shape_02_guide_preview.jpg
adult_jumpsuit_design_template,Adult-Jumpsuit-Design-Template,adult_jumpsuit,sleeve,unknown,component_1,adult_jumpsuit_design_template__sleeves__shape_01,Adult-Jumpsuit-Design-Template (1)(2).zip,Sleeves.png,7677,7677,409,1518,3258,4197,0.11723329425556858,10,False,medium_high,False,False,guide_previews/adult_jumpsuit_design_template__sleeves__shape_01_guide_preview.jpg
adult_jumpsuit_design_template,Adult-Jumpsuit-Design-Template,adult_jumpsuit,sleeve,unknown,component_2,adult_jumpsuit_design_template__sleeves__shape_02,Adult-Jumpsuit-Design-Template (1)(2).zip,Sleeves.png,7677,7677,4009,1510,3258,3344,0.11723329425556858,10,False,medium_high,False,False,guide_previews/adult_jumpsuit_design_template__sleeves__shape_02_guide_preview.jpg
adult_jumpsuit_design_template,Adult-Jumpsuit-Design-Template,adult_jumpsuit,sleeve,unknown,component_3,adult_jumpsuit_design_template__sleeves__shape_03,Adult-Jumpsuit-Design-Template (1)(2).zip,Sleeves.png,7677,7677,4572,4990,2132,725,0.11723329425556858,10,False,medium_high,False,False,guide_previews/adult_jumpsuit_design_template__sleeves__shape_03_guide_preview.jpg
adult_jumpsuit_design_template,Adult-Jumpsuit-Design-Template,adult_jumpsuit,sleeve,unknown,component_4,adult_jumpsuit_design_template__sleeves__shape_04,Adult-Jumpsuit-Design-Template (1)(2).zip,Sleeves.png,7677,7677,1169,5852,1587,904,0.11723329425556858,10,False,medium_high,False,False,guide_previews/adult_jumpsuit_design_template__sleeves__shape_04_guide_preview.jpg
adult_jumpsuit_design_template,Adult-Jumpsuit-Design-Template,adult_jumpsuit,sleeve,unknown,component_5,adult_jumpsuit_design_template__sleeves__shape_05,Adult-Jumpsuit-Design-Template (1)(2).zip,Sleeves.png,7677,7677,4760,5852,1587,904,0.11723329425556858,10,False,medium_high,False,False,guide_previews/adult_jumpsuit_design_template__sleeves__shape_05_guide_preview.jpg
adult_jumpsuit_design_template,Adult-Jumpsuit-Design-Template,adult_jumpsuit,sleeve,unknown,component_6,adult_jumpsuit_design_template__sleeves__shape_06,Adult-Jumpsuit-Design-Template (1)(2).zip,Sleeves.png,7677,7677,478,1774,1186,870,0.11723329425556858,10,False,medium_high,False,False,guide_previews/adult_jumpsuit_design_template__sleeves__shape_06_guide_preview.jpg
blade_collar_polo_shirt_design_template,Blade-Collar-Polo-Shirt-Design-Template,polo_shirt,back_panel,back,component_1,blade_collar_polo_shirt_design_template__back_side__shape_01,Blade-Collar-Polo-Shirt-Design-Template(1).zip,Back side.png,6791,6791,973,800,4829,4263,0.1325283463407451,10,False,medium,False,False,guide_previews/blade_collar_polo_shirt_design_template__back_side__shape_01_guide_preview.jpg
blade_collar_polo_shirt_design_template,Blade-Collar-Polo-Shirt-Design-Template,polo_shirt,back_panel,back,component_2,blade_collar_polo_shirt_design_template__back_side__shape_02,Blade-Collar-Polo-Shirt-Design-Template(1).zip,Back side.png,6791,6791,996,5184,4784,1275,0.1325283463407451,10,False,medium,False,False,guide_previews/blade_collar_polo_shirt_design_template__back_side__shape_02_guide_preview.jpg
blade_collar_polo_shirt_design_template,Blade-Collar-Polo-Shirt-Design-Template,polo_shirt,back_panel,back,component_3,blade_collar_polo_shirt_design_template__back_side__shape_03,Blade-Collar-Polo-Shirt-Design-Template(1).zip,Back side.png,6791,6791,1026,2724,453,400,0.1325283463407451,10,False,medium,False,False,guide_previews/blade_collar_polo_shirt_design_template__back_side__shape_03_guide_preview.jpg
blade_collar_polo_shirt_design_template,Blade-Collar-Polo-Shirt-Design-Template,polo_shirt,back_panel,back,component_4,blade_collar_polo_shirt_design_template__back_side__shape_04,Blade-Collar-Polo-Shirt-Design-Template(1).zip,Back side.png,6791,6791,5267,2664,377,377,0.1325283463407451,10,False,medium,False,False,guide_previews/blade_collar_polo_shirt_design_template__back_side__shape_04_guide_preview.jpg
blade_collar_polo_shirt_design_template,Blade-Collar-Polo-Shirt-Design-Template,polo_shirt,front_panel,front,component_1,blade_collar_polo_shirt_design_template__front_side__shape_01,Blade-Collar-Polo-Shirt-Design-Template(1).zip,Front side.png,6791,6791,973,1011,4829,4052,0.1325283463407451,10,False,medium,False,False,guide_previews/blade_collar_polo_shirt_design_template__front_side__shape_01_guide_preview.jpg
blade_collar_polo_shirt_design_template,Blade-Collar-Polo-Shirt-Design-Template,polo_shirt,front_panel,front,component_2,blade_collar_polo_shirt_design_template__front_side__shape_02,Blade-Collar-Polo-Shirt-Design-Template(1).zip,Front side.png,6791,6791,996,5184,4784,1275,0.1325283463407451,10,False,medium,False,False,guide_previews/blade_collar_polo_shirt_design_template__front_side__shape_02_guide_preview.jpg
blade_collar_polo_shirt_design_template,Blade-Collar-Polo-Shirt-Design-Template,polo_shirt,front_panel,front,component_3,blade_collar_polo_shirt_design_template__front_side__shape_03,Blade-Collar-Polo-Shirt-Design-Template(1).zip,Front side.png,6791,6791,1645,528,3433,272,0.1325283463407451,10,False,medium,False,False,guide_previews/blade_collar_polo_shirt_design_template__front_side__shape_03_guide_preview.jpg
blade_collar_polo_shirt_design_template,Blade-Collar-Polo-Shirt-Design-Template,polo_shirt,front_panel,front,component_4,blade_collar_polo_shirt_design_template__front_side__shape_04,Blade-Collar-Polo-Shirt-Design-Template(1).zip,Front side.png,6791,6791,1637,257,3441,264,0.1325283463407451,10,False,medium,False,False,guide_previews/blade_collar_polo_shirt_design_template__front_side__shape_04_guide_preview.jpg
blade_collar_polo_shirt_design_template,Blade-Collar-Polo-Shirt-Design-Template,polo_shirt,front_panel,front,component_5,blade_collar_polo_shirt_design_template__front_side__shape_05,Blade-Collar-Polo-Shirt-Design-Template(1).zip,Front side.png,6791,6791,5093,2550,423,483,0.1325283463407451,10,False,medium,False,False,guide_previews/blade_collar_polo_shirt_design_template__front_side__shape_05_guide_preview.jpg
blade_collar_polo_shirt_design_template,Blade-Collar-Polo-Shirt-Design-Template,polo_shirt,front_panel,front,component_6,blade_collar_polo_shirt_design_template__front_side__shape_06,Blade-Collar-Polo-Shirt-Design-Template(1).zip,Front side.png,6791,6791,2754,1222,453,407,0.1325283463407451,10,False,medium,False,False,guide_previews/blade_collar_polo_shirt_design_template__front_side__shape_06_guide_preview.jpg
blade_collar_polo_shirt_design_template,Blade-Collar-Polo-Shirt-Design-Template,polo_shirt,placket,unknown,component_1,blade_collar_polo_shirt_design_template__placket__shape_01,Blade-Collar-Polo-Shirt-Design-Template(1).zip,Placket.png,4429,4429,1880,1658,659,1048,0.20320614134116052,5,False,high,False,False,guide_previews/blade_collar_polo_shirt_design_template__placket__shape_01_guide_preview.jpg
blade_collar_polo_shirt_design_template,Blade-Collar-Polo-Shirt-Design-Template,polo_shirt,placket,unknown,component_2,blade_collar_polo_shirt_design_template__placket__shape_02,Blade-Collar-Polo-Shirt-Design-Template(1).zip,Placket.png,4429,4429,1673,1777,118,876,0.20320614134116052,5,False,high,False,False,guide_previews/blade_collar_polo_shirt_design_template__placket__shape_02_guide_preview.jpg
blade_collar_polo_shirt_design_template,Blade-Collar-Polo-Shirt-Design-Template,polo_shirt,sleeve,unknown,component_1,blade_collar_polo_shirt_design_template__sleeves__shape_01,Blade-Collar-Polo-Shirt-Design-Template(1).zip,Sleeves.png,7441,3602,3795,868,3382,1860,0.12095148501545491,10,False,medium_high,False,False,guide_previews/blade_collar_polo_shirt_design_template__sleeves__shape_01_guide_preview.jpg
blade_collar_polo_shirt_design_template,Blade-Collar-Polo-Shirt-Design-Template,polo_shirt,sleeve,unknown,component_2,blade_collar_polo_shirt_design_template__sleeves__shape_02,Blade-Collar-Polo-Shirt-Design-Template(1).zip,Sleeves.png,7441,3602,265,868,3382,1720,0.12095148501545491,10,False,medium_high,False,False,guide_previews/blade_collar_polo_shirt_design_template__sleeves__shape_02_guide_preview.jpg
blade_collar_polo_shirt_design_template,Blade-Collar-Polo-Shirt-Design-Template,polo_shirt,sleeve,unknown,component_3,blade_collar_polo_shirt_design_template__sleeves__shape_03,Blade-Collar-Polo-Shirt-Design-Template(1).zip,Sleeves.png,7441,3602,1728,918,1422,984,0.12095148501545491,10,False,medium_high,False,False,guide_previews/blade_collar_polo_shirt_design_template__sleeves__shape_03_guide_preview.jpg
blade_collar_polo_shirt_design_template,Blade-Collar-Polo-Shirt-Design-Template,polo_shirt,sleeve,unknown,component_4,blade_collar_polo_shirt_design_template__sleeves__shape_04,Blade-Collar-Polo-Shirt-Design-Template(1).zip,Sleeves.png,7441,3602,5763,967,1199,1009,0.12095148501545491,10,False,medium_high,False,False,guide_previews/blade_collar_polo_shirt_design_template__sleeves__shape_04_guide_preview.jpg
blade_collar_polo_shirt_design_template,Blade-Collar-Polo-Shirt-Design-Template,polo_shirt,sleeve,unknown,component_5,blade_collar_polo_shirt_design_template__sleeves__shape_05,Blade-Collar-Polo-Shirt-Design-Template(1).zip,Sleeves.png,7441,3602,480,967,1199,1009,0.12095148501545491,10,False,medium_high,False,False,guide_previews/blade_collar_polo_shirt_design_template__sleeves__shape_05_guide_preview.jpg
blade_collar_polo_shirt_design_template,Blade-Collar-Polo-Shirt-Design-Template,polo_shirt,sleeve,unknown,component_6,blade_collar_polo_shirt_design_template__sleeves__shape_06,Blade-Collar-Polo-Shirt-Design-Template(1).zip,Sleeves.png,7441,3602,4291,934,1091,967,0.12095148501545491,10,False,medium_high,False,False,guide_previews/blade_collar_polo_shirt_design_template__sleeves__shape_06_guide_preview.jpg
cardigan_design_template,Cardigan-Design-Template,cardigan,back_panel,back,component_1,cardigan_design_template__back_side__shape_01,Cardigan-Design-Template(2).zip,Back side.png,8268,6791,1773,230,4722,3693,0.10885341074020319,10,False,medium,False,False,guide_previews/cardigan_design_template__back_side__shape_01_guide_preview.jpg
cardigan_design_template,Cardigan-Design-Template,cardigan,back_panel,back,component_2,cardigan_design_template__back_side__shape_02,Cardigan-Design-Template(2).zip,Back side.png,8268,6791,230,5677,7809,928,0.10885341074020319,10,False,medium,False,False,guide_previews/cardigan_design_template__back_side__shape_02_guide_preview.jpg
cardigan_design_template,Cardigan-Design-Template,cardigan,back_panel,back,component_3,cardigan_design_template__back_side__shape_03,Cardigan-Design-Template(2).zip,Back side.png,8268,6791,1801,3987,4667,1507,0.10885341074020319,10,False,medium,False,False,guide_previews/cardigan_design_template__back_side__shape_03_guide_preview.jpg
cardigan_design_template,Cardigan-Design-Template,cardigan,front_panel,front,main,cardigan_design_template__front_side_merged__shape_01,Cardigan-Design-Template(2).zip,Front side Merged.png,8268,6791,1929,147,4410,5347,0.10885341074020319,90,True,medium,False,False,guide_previews/cardigan_design_template__front_side_merged__shape_01_guide_preview.jpg
cardigan_design_template,Cardigan-Design-Template,cardigan,front_panel,front,component_1,cardigan_design_template__front_side__shape_01,Cardigan-Design-Template(2).zip,Front side.png,8268,6791,4226,147,2343,5347,0.10885341074020319,90,True,medium,False,False,guide_previews/cardigan_design_template__front_side__shape_01_guide_preview.jpg
cardigan_design_template,Cardigan-Design-Template,cardigan,front_panel,front,component_2,cardigan_design_template__front_side__shape_02,Cardigan-Design-Template(2).zip,Front side.png,8268,6791,1709,147,2333,5347,0.10885341074020319,90,True,medium,False,False,guide_previews/cardigan_design_template__front_side__shape_02_guide_preview.jpg
cardigan_design_template,Cardigan-Design-Template,cardigan,placket,unknown,component_1,cardigan_design_template__placket__shape_01,Cardigan-Design-Template(2).zip,Placket.png,4075,7087,2126,126,472,6835,0.12699308593198816,5,False,high,False,False,guide_previews/cardigan_design_template__placket__shape_01_guide_preview.jpg
cardigan_design_template,Cardigan-Design-Template,cardigan,placket,unknown,component_2,cardigan_design_template__placket__shape_02,Cardigan-Design-Template(2).zip,Placket.png,4075,7087,1528,126,417,6835,0.12699308593198816,5,False,high,False,False,guide_previews/cardigan_design_template__placket__shape_02_guide_preview.jpg
cardigan_design_template,Cardigan-Design-Template,cardigan,placket,unknown,component_3,cardigan_design_template__placket__shape_03,Cardigan-Design-Template(2).zip,Placket.png,4075,7087,567,386,866,110,0.12699308593198816,5,False,high,False,False,guide_previews/cardigan_design_template__placket__shape_03_guide_preview.jpg
cardigan_design_template,Cardigan-Design-Template,cardigan,sleeve,unknown,component_1,cardigan_design_template__sleeves__shape_01,Cardigan-Design-Template(2).zip,Sleeves.png,8976,5669,4578,259,4219,4029,0.10026737967914438,45,False,medium_high,False,False,guide_previews/cardigan_design_template__sleeves__shape_01_guide_preview.jpg
cardigan_design_template,Cardigan-Design-Template,cardigan,sleeve,unknown,component_2,cardigan_design_template__sleeves__shape_02,Cardigan-Design-Template(2).zip,Sleeves.png,8976,5669,180,239,4219,2773,0.10026737967914438,10,False,medium_high,False,False,guide_previews/cardigan_design_template__sleeves__shape_02_guide_preview.jpg
cardigan_design_template,Cardigan-Design-Template,cardigan,sleeve,unknown,component_3,cardigan_design_template__sleeves__shape_03,Cardigan-Design-Template(2).zip,Sleeves.png,8976,5669,818,3122,2922,1167,0.10026737967914438,10,False,medium_high,False,False,guide_previews/cardigan_design_template__sleeves__shape_03_guide_preview.jpg
cardigan_design_template,Cardigan-Design-Template,cardigan,sleeve,unknown,component_4,cardigan_design_template__sleeves__shape_04,Cardigan-Design-Template(2).zip,Sleeves.png,8976,5669,1356,4468,1785,888,0.10026737967914438,10,False,medium_high,False,False,guide_previews/cardigan_design_template__sleeves__shape_04_guide_preview.jpg
cardigan_design_template,Cardigan-Design-Template,cardigan,sleeve,unknown,component_5,cardigan_design_template__sleeves__shape_05,Cardigan-Design-Template(2).zip,Sleeves.png,8976,5669,5765,4468,1775,888,0.10026737967914438,10,False,medium_high,False,False,guide_previews/cardigan_design_template__sleeves__shape_05_guide_preview.jpg
cardigan_design_template,Cardigan-Design-Template,cardigan,sleeve,unknown,component_6,cardigan_design_template__sleeves__shape_06,Cardigan-Design-Template(2).zip,Sleeves.png,8976,5669,2294,4927,848,429,0.10026737967914438,10,False,medium_high,False,False,guide_previews/cardigan_design_template__sleeves__shape_06_guide_preview.jpg
cargo_loose_shorts_design_template,Cargo-Loose-Shorts-Design-Template,shorts,pocket,left,left,cargo_loose_shorts_design_template__left_leg_pocket__shape_01,Cargo-Loose-Shorts-Design-Template(1).zip,Left Leg Pocket.png,3957,3780,950,1750,1974,1754,0.22744503411675512,18,False,medium_high,True,True,guide_previews/cargo_loose_shorts_design_template__left_leg_pocket__shape_01_guide_preview.jpg
cargo_loose_shorts_design_template,Cargo-Loose-Shorts-Design-Template,shorts,pocket,left,left,cargo_loose_shorts_design_template__left_leg_pocket__shape_02,Cargo-Loose-Shorts-Design-Template(1).zip,Left Leg Pocket.png,3957,3780,1117,1011,1640,558,0.22744503411675512,18,False,medium_high,True,True,guide_previews/cargo_loose_shorts_design_template__left_leg_pocket__shape_02_guide_preview.jpg
cargo_loose_shorts_design_template,Cargo-Loose-Shorts-Design-Template,shorts,pocket,left,left,cargo_loose_shorts_design_template__left_leg_pocket__shape_03,Cargo-Loose-Shorts-Design-Template(1).zip,Left Leg Pocket.png,3957,3780,1117,273,1640,558,0.22744503411675512,18,False,medium_high,True,True,guide_previews/cargo_loose_shorts_design_template__left_leg_pocket__shape_03_guide_preview.jpg
cargo_loose_shorts_design_template,Cargo-Loose-Shorts-Design-Template,shorts,leg_panel,left,left,cargo_loose_shorts_design_template__left_leg__shape_01,Cargo-Loose-Shorts-Design-Template(1).zip,Left Leg.png,6791,5906,3343,936,3071,4618,0.1325283463407451,10,False,medium,False,False,guide_previews/cargo_loose_shorts_design_template__left_leg__shape_01_guide_preview.jpg
cargo_loose_shorts_design_template,Cargo-Loose-Shorts-Design-Template,shorts,leg_panel,left,left,cargo_loose_shorts_design_template__left_leg__shape_02,Cargo-Loose-Shorts-Design-Template(1).zip,Left Leg.png,6791,5906,5599,664,921,3856,0.1325283463407451,10,False,medium,False,False,guide_previews/cargo_loose_shorts_design_template__left_leg__shape_02_guide_preview.jpg
cargo_loose_shorts_design_template,Cargo-Loose-Shorts-Design-Template,shorts,leg_panel,left,left,cargo_loose_shorts_design_template__left_leg__shape_03,Cargo-Loose-Shorts-Design-Template(1).zip,Left Leg.png,6791,5906,3320,347,2301,581,0.1325283463407451,10,False,medium,False,False,guide_previews/cargo_loose_shorts_design_template__left_leg__shape_03_guide_preview.jpg
cargo_loose_shorts_design_template,Cargo-Loose-Shorts-Design-Template,shorts,leg_panel,left,left,cargo_loose_shorts_design_template__left_leg__shape_04,Cargo-Loose-Shorts-Design-Template(1).zip,Left Leg.png,6791,5906,264,988,287,3531,0.1325283463407451,10,False,medium,False,False,guide_previews/cargo_loose_shorts_design_template__left_leg__shape_04_guide_preview.jpg
cargo_loose_shorts_design_template,Cargo-Loose-Shorts-Design-Template,shorts,leg_panel,left,left,cargo_loose_shorts_design_template__left_leg__shape_05,Cargo-Loose-Shorts-Design-Template(1).zip,Left Leg.png,6791,5906,528,558,2181,415,0.1325283463407451,10,False,medium,False,False,guide_previews/cargo_loose_shorts_design_template__left_leg__shape_05_guide_preview.jpg
cargo_loose_shorts_design_template,Cargo-Loose-Shorts-Design-Template,shorts,leg_panel,left,left,cargo_loose_shorts_design_template__left_leg__shape_06,Cargo-Loose-Shorts-Design-Template(1).zip,Left Leg.png,6791,5906,2822,1215,453,1569,0.1325283463407451,35,False,medium,False,False,guide_previews/cargo_loose_shorts_design_template__left_leg__shape_06_guide_preview.jpg
cargo_loose_shorts_design_template,Cargo-Loose-Shorts-Design-Template,shorts,pocket,unknown,component_1,cargo_loose_shorts_design_template__pockets__shape_01,Cargo-Loose-Shorts-Design-Template(1).zip,Pockets.png,4843,4843,888,307,1442,2018,0.18583522609952507,18,False,medium_high,True,True,guide_previews/cargo_loose_shorts_design_template__pockets__shape_01_guide_preview.jpg
cargo_loose_shorts_design_template,Cargo-Loose-Shorts-Design-Template,shorts,pocket,unknown,component_2,cargo_loose_shorts_design_template__pockets__shape_02,Cargo-Loose-Shorts-Design-Template(1).zip,Pockets.png,4843,4843,2508,2513,1442,2018,0.18583522609952507,18,False,medium_high,True,True,guide_previews/cargo_loose_shorts_design_template__pockets__shape_02_guide_preview.jpg
cargo_loose_shorts_design_template,Cargo-Loose-Shorts-Design-Template,shorts,pocket,unknown,component_3,cargo_loose_shorts_design_template__pockets__shape_03,Cargo-Loose-Shorts-Design-Template(1).zip,Pockets.png,4843,4843,2508,307,1270,2023,0.18583522609952507,18,False,medium_high,True,True,guide_previews/cargo_loose_shorts_design_template__pockets__shape_03_guide_preview.jpg
cargo_loose_shorts_design_template,Cargo-Loose-Shorts-Design-Template,shorts,pocket,unknown,component_4,cargo_loose_shorts_design_template__pockets__shape_04,Cargo-Loose-Shorts-Design-Template(1).zip,Pockets.png,4843,4843,1060,2508,1270,2023,0.18583522609952507,18,False,medium_high,True,True,guide_previews/cargo_loose_shorts_design_template__pockets__shape_04_guide_preview.jpg
cargo_loose_shorts_design_template,Cargo-Loose-Shorts-Design-Template,shorts,pocket,back,right,cargo_loose_shorts_design_template__right_back_pocket__shape_01,Cargo-Loose-Shorts-Design-Template(1).zip,Right Back Pocket.png,4252,3130,1479,1597,1219,1252,0.2116650987770461,18,False,medium_high,True,True,guide_previews/cargo_loose_shorts_design_template__right_back_pocket__shape_01_guide_preview.jpg
cargo_loose_shorts_design_template,Cargo-Loose-Shorts-Design-Template,shorts,pocket,back,right,cargo_loose_shorts_design_template__right_back_pocket__shape_02,Cargo-Loose-Shorts-Design-Template(1).zip,Right Back Pocket.png,4252,3130,1479,274,1219,482,0.2116650987770461,18,False,medium_high,True,True,guide_previews/cargo_loose_shorts_design_template__right_back_pocket__shape_02_guide_preview.jpg
cargo_loose_shorts_design_template,Cargo-Loose-Shorts-Design-Template,shorts,pocket,back,right,cargo_loose_shorts_design_template__right_back_pocket__shape_03,Cargo-Loose-Shorts-Design-Template(1).zip,Right Back Pocket.png,4252,3130,1479,935,1219,482,0.2116650987770461,18,False,medium_high,True,True,guide_previews/cargo_loose_shorts_design_template__right_back_pocket__shape_03_guide_preview.jpg
cargo_loose_shorts_design_template,Cargo-Loose-Shorts-Design-Template,shorts,pocket,back,right,cargo_loose_shorts_design_template__right_back_pocket__shape_04,Cargo-Loose-Shorts-Design-Template(1).zip,Right Back Pocket.png,4252,3130,1691,90,874,137,0.2116650987770461,18,False,medium_high,True,True,guide_previews/cargo_loose_shorts_design_template__right_back_pocket__shape_04_guide_preview.jpg
cargo_loose_shorts_design_template,Cargo-Loose-Shorts-Design-Template,shorts,pocket,right,right,cargo_loose_shorts_design_template__right_leg_pocket__shape_01,Cargo-Loose-Shorts-Design-Template(1).zip,Right Leg Pocket.png,3957,3780,950,1750,1974,1754,0.22744503411675512,18,False,medium_high,True,True,guide_previews/cargo_loose_shorts_design_template__right_leg_pocket__shape_01_guide_preview.jpg
cargo_loose_shorts_design_template,Cargo-Loose-Shorts-Design-Template,shorts,pocket,right,right,cargo_loose_shorts_design_template__right_leg_pocket__shape_02,Cargo-Loose-Shorts-Design-Template(1).zip,Right Leg Pocket.png,3957,3780,1117,273,1640,558,0.22744503411675512,18,False,medium_high,True,True,guide_previews/cargo_loose_shorts_design_template__right_leg_pocket__shape_02_guide_preview.jpg
cargo_loose_shorts_design_template,Cargo-Loose-Shorts-Design-Template,shorts,pocket,right,right,cargo_loose_shorts_design_template__right_leg_pocket__shape_03,Cargo-Loose-Shorts-Design-Template(1).zip,Right Leg Pocket.png,3957,3780,1117,1011,1640,558,0.22744503411675512,18,False,medium_high,True,True,guide_previews/cargo_loose_shorts_design_template__right_leg_pocket__shape_03_guide_preview.jpg
cargo_loose_shorts_design_template,Cargo-Loose-Shorts-Design-Template,shorts,leg_panel,right,right,cargo_loose_shorts_design_template__right_leg__shape_01,Cargo-Loose-Shorts-Design-Template(1).zip,Right Leg.png,6791,5906,4075,589,2445,3939,0.1325283463407451,10,False,medium,False,False,guide_previews/cargo_loose_shorts_design_template__right_leg__shape_01_guide_preview.jpg
cargo_loose_shorts_design_template,Cargo-Loose-Shorts-Design-Template,shorts,leg_panel,right,right,cargo_loose_shorts_design_template__right_leg__shape_02,Cargo-Loose-Shorts-Design-Template(1).zip,Right Leg.png,6791,5906,1162,347,2301,4090,0.1325283463407451,10,False,medium,False,False,guide_previews/cargo_loose_shorts_design_template__right_leg__shape_02_guide_preview.jpg
cargo_loose_shorts_design_template,Cargo-Loose-Shorts-Design-Template,shorts,leg_panel,right,right,cargo_loose_shorts_design_template__right_leg__shape_03,Cargo-Loose-Shorts-Design-Template(1).zip,Right Leg.png,6791,5906,264,656,913,3863,0.1325283463407451,10,False,medium,False,False,guide_previews/cargo_loose_shorts_design_template__right_leg__shape_03_guide_preview.jpg
cargo_loose_shorts_design_template,Cargo-Loose-Shorts-Design-Template,shorts,leg_panel,right,right,cargo_loose_shorts_design_template__right_leg__shape_04,Cargo-Loose-Shorts-Design-Template(1).zip,Right Leg.png,6791,5906,370,4550,2822,1004,0.1325283463407451,10,False,medium,False,False,guide_previews/cargo_loose_shorts_design_template__right_leg__shape_04_guide_preview.jpg
cargo_loose_shorts_design_template,Cargo-Loose-Shorts-Design-Template,shorts,leg_panel,right,right,cargo_loose_shorts_design_template__right_leg__shape_05,Cargo-Loose-Shorts-Design-Template(1).zip,Right Leg.png,6791,5906,4052,966,181,4429,0.1325283463407451,10,False,medium,False,False,guide_previews/cargo_loose_shorts_design_template__right_leg__shape_05_guide_preview.jpg
cargo_loose_shorts_design_template,Cargo-Loose-Shorts-Design-Template,shorts,leg_panel,right,right,cargo_loose_shorts_design_template__right_leg__shape_06,Cargo-Loose-Shorts-Design-Template(1).zip,Right Leg.png,6791,5906,3516,1253,453,1569,0.1325283463407451,35,False,medium,False,False,guide_previews/cargo_loose_shorts_design_template__right_leg__shape_06_guide_preview.jpg
elongated_cloak_design_template,Elongated-Cloak-Design-Template,cloak,back_panel,back,component_1,elongated_cloak_design_template__back_side__shape_01,Elongated-Cloak-Design-Template(1).zip,Back side.png,6614,8504,775,898,2438,4611,0.10583254938852305,10,False,medium,False,False,guide_previews/elongated_cloak_design_template__back_side__shape_01_guide_preview.jpg
elongated_cloak_design_template,Elongated-Cloak-Design-Template,cloak,back_panel,back,component_2,elongated_cloak_design_template__back_side__shape_02,Elongated-Cloak-Design-Template(1).zip,Back side.png,6614,8504,3392,898,2428,4526,0.10583254938852305,10,False,medium,False,False,guide_previews/elongated_cloak_design_template__back_side__shape_02_guide_preview.jpg
elongated_cloak_design_template,Elongated-Cloak-Design-Template,cloak,back_panel,back,component_3,elongated_cloak_design_template__back_side__shape_03,Elongated-Cloak-Design-Template(1).zip,Back side.png,6614,8504,3392,5499,2608,2117,0.10583254938852305,10,False,medium,False,False,guide_previews/elongated_cloak_design_template__back_side__shape_03_guide_preview.jpg
elongated_cloak_design_template,Elongated-Cloak-Design-Template,cloak,back_panel,back,component_4,elongated_cloak_design_template__back_side__shape_04,Elongated-Cloak-Design-Template(1).zip,Back side.png,6614,8504,605,5546,2608,2069,0.10583254938852305,10,False,medium,False,False,guide_previews/elongated_cloak_design_template__back_side__shape_04_guide_preview.jpg
elongated_cloak_design_template,Elongated-Cloak-Design-Template,cloak,back_panel,back,component_5,elongated_cloak_design_template__back_side__shape_05,Elongated-Cloak-Design-Template(1).zip,Back side.png,6614,8504,5017,2296,557,945,0.10583254938852305,10,False,medium,False,False,guide_previews/elongated_cloak_design_template__back_side__shape_05_guide_preview.jpg
elongated_cloak_design_template,Elongated-Cloak-Design-Template,cloak,back_panel,back,component_6,elongated_cloak_design_template__back_side__shape_06,Elongated-Cloak-Design-Template(1).zip,Back side.png,6614,8504,1030,2419,548,822,0.10583254938852305,10,False,medium,False,False,guide_previews/elongated_cloak_design_template__back_side__shape_06_guide_preview.jpg
elongated_cloak_design_template,Elongated-Cloak-Design-Template,cloak,front_panel,front,component_1,elongated_cloak_design_template__front_side__shape_01,Elongated-Cloak-Design-Template(1).zip,Front side.png,6614,8504,208,1020,3005,7380,0.10583254938852305,10,False,medium,False,False,guide_previews/elongated_cloak_design_template__front_side__shape_01_guide_preview.jpg
elongated_cloak_design_template,Elongated-Cloak-Design-Template,cloak,front_panel,front,component_2,elongated_cloak_design_template__front_side__shape_02,Elongated-Cloak-Design-Template(1).zip,Front side.png,6614,8504,3392,1020,2816,4413,0.10583254938852305,10,False,medium,False,False,guide_previews/elongated_cloak_design_template__front_side__shape_02_guide_preview.jpg
elongated_cloak_design_template,Elongated-Cloak-Design-Template,cloak,front_panel,front,component_3,elongated_cloak_design_template__front_side__shape_03,Elongated-Cloak-Design-Template(1).zip,Front side.png,6614,8504,3392,5499,3005,2901,0.10583254938852305,10,False,medium,False,False,guide_previews/elongated_cloak_design_template__front_side__shape_03_guide_preview.jpg
elongated_cloak_design_template,Elongated-Cloak-Design-Template,cloak,front_panel,front,component_4,elongated_cloak_design_template__front_side__shape_04,Elongated-Cloak-Design-Template(1).zip,Front side.png,6614,8504,3978,7153,2372,1181,0.10583254938852305,10,False,medium,False,False,guide_previews/elongated_cloak_design_template__front_side__shape_04_guide_preview.jpg
elongated_cloak_design_template,Elongated-Cloak-Design-Template,cloak,front_panel,front,component_5,elongated_cloak_design_template__front_side__shape_05,Elongated-Cloak-Design-Template(1).zip,Front side.png,6614,8504,255,7257,1928,1077,0.10583254938852305,10,False,medium,False,False,guide_previews/elongated_cloak_design_template__front_side__shape_05_guide_preview.jpg
elongated_cloak_design_template,Elongated-Cloak-Design-Template,cloak,front_panel,front,component_6,elongated_cloak_design_template__front_side__shape_06,Elongated-Cloak-Design-Template(1).zip,Front side.png,6614,8504,3742,1115,765,954,0.10583254938852305,10,False,medium,False,False,guide_previews/elongated_cloak_design_template__front_side__shape_06_guide_preview.jpg
elongated_cloak_design_template,Elongated-Cloak-Design-Template,cloak,hood,unknown,component_1,elongated_cloak_design_template__hood__shape_01,Elongated-Cloak-Design-Template(1).zip,Hood.png,5846,4016,3014,390,2676,3235,0.1539514197742046,45,False,medium_high,False,False,guide_previews/elongated_cloak_design_template__hood__shape_01_guide_preview.jpg
elongated_cloak_design_template,Elongated-Cloak-Design-Template,cloak,hood,unknown,component_2,elongated_cloak_design_template__hood__shape_02,Elongated-Cloak-Design-Template(1).zip,Hood.png,5846,4016,156,390,2676,3235,0.1539514197742046,45,False,medium_high,False,False,guide_previews/elongated_cloak_design_template__hood__shape_02_guide_preview.jpg
elongated_cloak_design_template,Elongated-Cloak-Design-Template,cloak,pocket,unknown,component_1,elongated_cloak_design_template__pocket__shape_01,Elongated-Cloak-Design-Template(1).zip,Pocket.png,4606,5197,2425,167,1386,2379,0.173176832788147,18,False,medium_high,True,True,guide_previews/elongated_cloak_design_template__pocket__shape_01_guide_preview.jpg
elongated_cloak_design_template,Elongated-Cloak-Design-Template,cloak,pocket,unknown,component_2,elongated_cloak_design_template__pocket__shape_02,Elongated-Cloak-Design-Template(1).zip,Pocket.png,4606,5197,797,173,1386,2379,0.173176832788147,18,False,medium_high,True,True,guide_previews/elongated_cloak_design_template__pocket__shape_02_guide_preview.jpg
elongated_cloak_design_template,Elongated-Cloak-Design-Template,cloak,pocket,unknown,component_3,elongated_cloak_design_template__pocket__shape_03,Elongated-Cloak-Design-Template(1).zip,Pocket.png,4606,5197,2344,2650,1380,2379,0.173176832788147,18,False,medium_high,True,True,guide_previews/elongated_cloak_design_template__pocket__shape_03_guide_preview.jpg
elongated_cloak_design_template,Elongated-Cloak-Design-Template,cloak,pocket,unknown,component_4,elongated_cloak_design_template__pocket__shape_04,Elongated-Cloak-Design-Template(1).zip,Pocket.png,4606,5197,797,2581,1380,2379,0.173176832788147,18,False,medium_high,True,True,guide_previews/elongated_cloak_design_template__pocket__shape_04_guide_preview.jpg
elongated_cloak_design_template,Elongated-Cloak-Design-Template,cloak,sleeve,unknown,component_1,elongated_cloak_design_template__sleeve__shape_01,Elongated-Cloak-Design-Template(1).zip,Sleeve.png,6791,5256,3471,211,3139,4829,0.1325283463407451,10,False,medium_high,False,False,guide_previews/elongated_cloak_design_template__sleeve__shape_01_guide_preview.jpg
elongated_cloak_design_template,Elongated-Cloak-Design-Template,cloak,sleeve,unknown,component_2,elongated_cloak_design_template__sleeve__shape_02,Elongated-Cloak-Design-Template(1).zip,Sleeve.png,6791,5256,174,211,3139,3878,0.1325283463407451,10,False,medium_high,False,False,guide_previews/elongated_cloak_design_template__sleeve__shape_02_guide_preview.jpg
elongated_cloak_design_template,Elongated-Cloak-Design-Template,cloak,sleeve,unknown,component_3,elongated_cloak_design_template__sleeve__shape_03,Elongated-Cloak-Design-Template(1).zip,Sleeve.png,6791,5256,641,4127,2196,913,0.1325283463407451,10,False,medium_high,False,False,guide_previews/elongated_cloak_design_template__sleeve__shape_03_guide_preview.jpg
elongated_cloak_design_template,Elongated-Cloak-Design-Template,cloak,sleeve,unknown,component_4,elongated_cloak_design_template__sleeve__shape_04,Elongated-Cloak-Design-Template(1).zip,Sleeve.png,6791,5256,4143,332,619,709,0.1325283463407451,10,False,medium_high,False,False,guide_previews/elongated_cloak_design_template__sleeve__shape_04_guide_preview.jpg
elongated_cloak_design_template,Elongated-Cloak-Design-Template,cloak,sleeve,unknown,component_5,elongated_cloak_design_template__sleeve__shape_05,Elongated-Cloak-Design-Template(1).zip,Sleeve.png,6791,5256,2128,392,521,649,0.1325283463407451,10,False,medium_high,False,False,guide_previews/elongated_cloak_design_template__sleeve__shape_05_guide_preview.jpg
elongated_cloak_design_template,Elongated-Cloak-Design-Template,cloak,sleeve,unknown,component_6,elongated_cloak_design_template__sleeve__shape_06,Elongated-Cloak-Design-Template(1).zip,Sleeve.png,6791,5256,905,355,513,589,0.1325283463407451,10,False,medium_high,False,False,guide_previews/elongated_cloak_design_template__sleeve__shape_06_guide_preview.jpg
elongated_cloak_design_template,Elongated-Cloak-Design-Template,cloak,unknown_panel,unknown,component_1,elongated_cloak_design_template__welt__shape_01,Elongated-Cloak-Design-Template(1).zip,Welt.png,5138,3484,183,1844,4778,1479,0.17516543402101986,35,False,medium,False,False,guide_previews/elongated_cloak_design_template__welt__shape_01_guide_preview.jpg
elongated_cloak_design_template,Elongated-Cloak-Design-Template,cloak,unknown_panel,unknown,component_2,elongated_cloak_design_template__welt__shape_02,Elongated-Cloak-Design-Template(1).zip,Welt.png,5138,3484,1501,160,2135,1045,0.17516543402101986,35,False,medium,False,False,guide_previews/elongated_cloak_design_template__welt__shape_02_guide_preview.jpg
flare_jogger_design_template,Flare-Jogger-Design-Template,jogger_pants,leg_panel,left,left,flare_jogger_design_template__flare_jogger_left_leg__shape_01,Flare-Jogger-Design-Template.zip,flare_jogger-left_leg.png,8500,8500,831,727,1917,6951,0.10588235294117647,10,False,medium,False,False,guide_previews/flare_jogger_design_template__flare_jogger_left_leg__shape_01_guide_preview.jpg
flare_jogger_design_template,Flare-Jogger-Design-Template,jogger_pants,leg_panel,left,left,flare_jogger_design_template__flare_jogger_left_leg__shape_02,Flare-Jogger-Design-Template.zip,flare_jogger-left_leg.png,8500,8500,5223,623,2408,3627,0.10588235294117647,10,False,medium,False,False,guide_previews/flare_jogger_design_template__flare_jogger_left_leg__shape_02_guide_preview.jpg
flare_jogger_design_template,Flare-Jogger-Design-Template,jogger_pants,leg_panel,left,left,flare_jogger_design_template__flare_jogger_left_leg__shape_03,Flare-Jogger-Design-Template.zip,flare_jogger-left_leg.png,8500,8500,3513,4392,1152,2559,0.10588235294117647,10,False,medium,False,False,guide_previews/flare_jogger_design_template__flare_jogger_left_leg__shape_03_guide_preview.jpg
flare_jogger_design_template,Flare-Jogger-Design-Template,jogger_pants,leg_panel,left,left,flare_jogger_design_template__flare_jogger_left_leg__shape_04,Flare-Jogger-Design-Template.zip,flare_jogger-left_leg.png,8500,8500,3655,1606,1143,2097,0.10588235294117647,72,True,medium,False,False,guide_previews/flare_jogger_design_template__flare_jogger_left_leg__shape_04_guide_preview.jpg
flare_jogger_design_template,Flare-Jogger-Design-Template,jogger_pants,leg_panel,left,left,flare_jogger_design_template__flare_jogger_left_leg__shape_05,Flare-Jogger-Design-Template.zip,flare_jogger-left_leg.png,8500,8500,5185,7678,2493,359,0.10588235294117647,10,False,medium,False,False,guide_previews/flare_jogger_design_template__flare_jogger_left_leg__shape_05_guide_preview.jpg
flare_jogger_design_template,Flare-Jogger-Design-Template,jogger_pants,leg_panel,left,left,flare_jogger_design_template__flare_jogger_left_leg__shape_06,Flare-Jogger-Design-Template.zip,flare_jogger-left_leg.png,8500,8500,2729,1058,283,3126,0.10588235294117647,10,False,medium,False,False,guide_previews/flare_jogger_design_template__flare_jogger_left_leg__shape_06_guide_preview.jpg
flare_jogger_design_template,Flare-Jogger-Design-Template,jogger_pants,leg_panel,right,right,flare_jogger_design_template__flare_jogger_right_leg__shape_01,Flare-Jogger-Design-Template.zip,flare_jogger-right_leg.png,8500,8500,822,623,2484,7414,0.10588235294117647,72,True,medium,False,False,guide_previews/flare_jogger_design_template__flare_jogger_right_leg__shape_01_guide_preview.jpg
flare_jogger_design_template,Flare-Jogger-Design-Template,jogger_pants,leg_panel,right,right,flare_jogger_design_template__flare_jogger_right_leg__shape_02,Flare-Jogger-Design-Template.zip,flare_jogger-right_leg.png,8500,8500,5752,727,1832,3532,0.10588235294117647,10,False,medium,False,False,guide_previews/flare_jogger_design_template__flare_jogger_right_leg__shape_02_guide_preview.jpg
flare_jogger_design_template,Flare-Jogger-Design-Template,jogger_pants,leg_panel,right,right,flare_jogger_design_template__flare_jogger_right_leg__shape_03,Flare-Jogger-Design-Template.zip,flare_jogger-right_leg.png,8500,8500,3834,4392,1152,2559,0.10588235294117647,10,False,medium,False,False,guide_previews/flare_jogger_design_template__flare_jogger_right_leg__shape_03_guide_preview.jpg
flare_jogger_design_template,Flare-Jogger-Design-Template,jogger_pants,leg_panel,right,right,flare_jogger_design_template__flare_jogger_right_leg__shape_04,Flare-Jogger-Design-Template.zip,flare_jogger-right_leg.png,8500,8500,3693,1606,1143,2097,0.10588235294117647,72,True,medium,False,False,guide_previews/flare_jogger_design_template__flare_jogger_right_leg__shape_04_guide_preview.jpg
flare_jogger_design_template,Flare-Jogger-Design-Template,jogger_pants,leg_panel,right,right,flare_jogger_design_template__flare_jogger_right_leg__shape_05,Flare-Jogger-Design-Template.zip,flare_jogger-right_leg.png,8500,8500,5421,1048,349,6630,0.10588235294117647,10,False,medium,False,False,guide_previews/flare_jogger_design_template__flare_jogger_right_leg__shape_05_guide_preview.jpg
flare_jogger_design_template,Flare-Jogger-Design-Template,jogger_pants,leg_panel,right,right,flare_jogger_design_template__flare_jogger_right_leg__shape_06,Flare-Jogger-Design-Template.zip,flare_jogger-right_leg.png,8500,8500,5412,7697,2267,340,0.10588235294117647,10,False,medium,False,False,guide_previews/flare_jogger_design_template__flare_jogger_right_leg__shape_06_guide_preview.jpg
hooded_baseball_jacket_design_template,Hooded-Baseball-Jacket-Design-Template,unknown_garment,back_panel,back,component_1,hooded_baseball_jacket_design_template__back_side__shape_01,Hooded-Baseball-Jacket-Design-Template(1).zip,Back side.png,6969,6614,1270,178,4429,4615,0.12914334911752046,10,False,medium,False,False,guide_previews/hooded_baseball_jacket_design_template__back_side__shape_01_guide_preview.jpg
hooded_baseball_jacket_design_template,Hooded-Baseball-Jacket-Design-Template,unknown_garment,back_panel,back,component_2,hooded_baseball_jacket_design_template__back_side__shape_02,Hooded-Baseball-Jacket-Design-Template(1).zip,Back side.png,6969,6614,139,5389,6690,937,0.12914334911752046,72,True,medium,False,False,guide_previews/hooded_baseball_jacket_design_template__back_side__shape_02_guide_preview.jpg
hooded_baseball_jacket_design_template,Hooded-Baseball-Jacket-Design-Template,unknown_garment,back_panel,back,component_3,hooded_baseball_jacket_design_template__back_side__shape_03,Hooded-Baseball-Jacket-Design-Template(1).zip,Back side.png,6969,6614,1316,4754,4329,457,0.12914334911752046,10,False,medium,False,False,guide_previews/hooded_baseball_jacket_design_template__back_side__shape_03_guide_preview.jpg
hooded_baseball_jacket_design_template,Hooded-Baseball-Jacket-Design-Template,unknown_garment,back_panel,back,component_4,hooded_baseball_jacket_design_template__back_side__shape_04,Hooded-Baseball-Jacket-Design-Template(1).zip,Back side.png,6969,6614,5273,2129,379,627,0.12914334911752046,10,False,medium,False,False,guide_previews/hooded_baseball_jacket_design_template__back_side__shape_04_guide_preview.jpg
hooded_baseball_jacket_design_template,Hooded-Baseball-Jacket-Design-Template,unknown_garment,facing,unknown,component_1,hooded_baseball_jacket_design_template__facing__shape_01,Hooded-Baseball-Jacket-Design-Template(1).zip,Facing.png,4547,4724,1527,236,656,4257,0.1905165114309907,5,False,high,False,False,guide_previews/hooded_baseball_jacket_design_template__facing__shape_01_guide_preview.jpg
hooded_baseball_jacket_design_template,Hooded-Baseball-Jacket-Design-Template,unknown_garment,facing,unknown,component_2,hooded_baseball_jacket_design_template__facing__shape_02,Hooded-Baseball-Jacket-Design-Template(1).zip,Facing.png,4547,4724,2362,236,646,4052,0.1905165114309907,5,False,high,False,False,guide_previews/hooded_baseball_jacket_design_template__facing__shape_02_guide_preview.jpg
hooded_baseball_jacket_design_template,Hooded-Baseball-Jacket-Design-Template,unknown_garment,facing,unknown,component_3,hooded_baseball_jacket_design_template__facing__shape_03,Hooded-Baseball-Jacket-Design-Template(1).zip,Facing.png,4547,4724,2409,4309,551,184,0.1905165114309907,5,False,high,False,False,guide_previews/hooded_baseball_jacket_design_template__facing__shape_03_guide_preview.jpg
hooded_baseball_jacket_design_template,Hooded-Baseball-Jacket-Design-Template,unknown_garment,front_panel,front,component_1,hooded_baseball_jacket_design_template__front_side_merged__shape_01,Hooded-Baseball-Jacket-Design-Template(1).zip,Front side Merged.png,6969,6614,1270,333,4437,4878,0.12914334911752046,90,True,medium,False,False,guide_previews/hooded_baseball_jacket_design_template__front_side_merged__shape_01_guide_preview.jpg
hooded_baseball_jacket_design_template,Hooded-Baseball-Jacket-Design-Template,unknown_garment,front_panel,front,component_2,hooded_baseball_jacket_design_template__front_side_merged__shape_02,Hooded-Baseball-Jacket-Design-Template(1).zip,Front side Merged.png,6969,6614,2989,5389,898,898,0.12914334911752046,10,False,medium,False,False,guide_previews/hooded_baseball_jacket_design_template__front_side_merged__shape_02_guide_preview.jpg
hooded_baseball_jacket_design_template,Hooded-Baseball-Jacket-Design-Template,unknown_garment,front_panel,front,component_3,hooded_baseball_jacket_design_template__front_side_merged__shape_03,Hooded-Baseball-Jacket-Design-Template(1).zip,Front side Merged.png,6969,6614,1556,395,1092,457,0.12914334911752046,10,False,medium,False,False,guide_previews/hooded_baseball_jacket_design_template__front_side_merged__shape_03_guide_preview.jpg
hooded_baseball_jacket_design_template,Hooded-Baseball-Jacket-Design-Template,unknown_garment,front_panel,front,component_4,hooded_baseball_jacket_design_template__front_side_merged__shape_04,Hooded-Baseball-Jacket-Design-Template(1).zip,Front side Merged.png,6969,6614,1316,2083,457,558,0.12914334911752046,10,False,medium,False,False,guide_previews/hooded_baseball_jacket_design_template__front_side_merged__shape_04_guide_preview.jpg
hooded_baseball_jacket_design_template,Hooded-Baseball-Jacket-Design-Template,unknown_garment,front_panel,front,component_5,hooded_baseball_jacket_design_template__front_side_merged__shape_05,Hooded-Baseball-Jacket-Design-Template(1).zip,Front side Merged.png,6969,6614,5196,2083,379,519,0.12914334911752046,10,False,medium,False,False,guide_previews/hooded_baseball_jacket_design_template__front_side_merged__shape_05_guide_preview.jpg
hooded_baseball_jacket_design_template,Hooded-Baseball-Jacket-Design-Template,unknown_garment,front_panel,front,component_6,hooded_baseball_jacket_design_template__front_side_merged__shape_06,Hooded-Baseball-Jacket-Design-Template(1).zip,Front side Merged.png,6969,6614,3856,588,410,457,0.12914334911752046,10,False,medium,False,False,guide_previews/hooded_baseball_jacket_design_template__front_side_merged__shape_06_guide_preview.jpg
hooded_baseball_jacket_design_template,Hooded-Baseball-Jacket-Design-Template,unknown_garment,front_panel,front,component_1,hooded_baseball_jacket_design_template__front_side__shape_01,Hooded-Baseball-Jacket-Design-Template(1).zip,Front side.png,6969,6614,3577,333,2385,4878,0.12914334911752046,10,False,medium,False,False,guide_previews/hooded_baseball_jacket_design_template__front_side__shape_01_guide_preview.jpg
hooded_baseball_jacket_design_template,Hooded-Baseball-Jacket-Design-Template,unknown_garment,front_panel,front,component_2,hooded_baseball_jacket_design_template__front_side__shape_02,Hooded-Baseball-Jacket-Design-Template(1).zip,Front side.png,6969,6614,1007,333,2385,4367,0.12914334911752046,10,False,medium,False,False,guide_previews/hooded_baseball_jacket_design_template__front_side__shape_02_guide_preview.jpg
hooded_baseball_jacket_design_template,Hooded-Baseball-Jacket-Design-Template,unknown_garment,front_panel,front,component_3,hooded_baseball_jacket_design_template__front_side__shape_03,Hooded-Baseball-Jacket-Design-Template(1).zip,Front side.png,6969,6614,1053,4816,2338,395,0.12914334911752046,10,False,medium,False,False,guide_previews/hooded_baseball_jacket_design_template__front_side__shape_03_guide_preview.jpg
hooded_baseball_jacket_design_template,Hooded-Baseball-Jacket-Design-Template,unknown_garment,front_panel,front,component_4,hooded_baseball_jacket_design_template__front_side__shape_04,Hooded-Baseball-Jacket-Design-Template(1).zip,Front side.png,6969,6614,2664,5389,728,898,0.12914334911752046,10,False,medium,False,False,guide_previews/hooded_baseball_jacket_design_template__front_side__shape_04_guide_preview.jpg
hooded_baseball_jacket_design_template,Hooded-Baseball-Jacket-Design-Template,unknown_garment,front_panel,front,component_5,hooded_baseball_jacket_design_template__front_side__shape_05,Hooded-Baseball-Jacket-Design-Template(1).zip,Front side.png,6969,6614,3577,5389,565,898,0.12914334911752046,10,False,medium,False,False,guide_previews/hooded_baseball_jacket_design_template__front_side__shape_05_guide_preview.jpg
hooded_baseball_jacket_design_template,Hooded-Baseball-Jacket-Design-Template,unknown_garment,front_panel,front,component_6,hooded_baseball_jacket_design_template__front_side__shape_06,Hooded-Baseball-Jacket-Design-Template(1).zip,Front side.png,6969,6614,1293,465,906,387,0.12914334911752046,10,False,medium,False,False,guide_previews/hooded_baseball_jacket_design_template__front_side__shape_06_guide_preview.jpg
hooded_baseball_jacket_design_template,Hooded-Baseball-Jacket-Design-Template,unknown_garment,hood,unknown,component_1,hooded_baseball_jacket_design_template__hood__shape_01,Hooded-Baseball-Jacket-Design-Template(1).zip,Hood.png,5256,7264,226,3745,2308,3099,0.12389867841409692,45,False,medium_high,False,False,guide_previews/hooded_baseball_jacket_design_template__hood__shape_01_guide_preview.jpg
hooded_baseball_jacket_design_template,Hooded-Baseball-Jacket-Design-Template,unknown_garment,hood,unknown,component_2,hooded_baseball_jacket_design_template__hood__shape_02,Hooded-Baseball-Jacket-Design-Template(1).zip,Hood.png,5256,7264,226,371,2308,3083,0.12389867841409692,45,False,medium_high,False,False,guide_previews/hooded_baseball_jacket_design_template__hood__shape_02_guide_preview.jpg
hooded_baseball_jacket_design_template,Hooded-Baseball-Jacket-Design-Template,unknown_garment,hood,unknown,component_3,hooded_baseball_jacket_design_template__hood__shape_03,Hooded-Baseball-Jacket-Design-Template(1).zip,Hood.png,5256,7264,2720,379,2308,3075,0.12389867841409692,45,False,medium_high,False,False,guide_previews/hooded_baseball_jacket_design_template__hood__shape_03_guide_preview.jpg
hooded_baseball_jacket_design_template,Hooded-Baseball-Jacket-Design-Template,unknown_garment,hood,unknown,component_4,hooded_baseball_jacket_design_template__hood__shape_04,Hooded-Baseball-Jacket-Design-Template(1).zip,Hood.png,5256,7264,2720,3793,2308,3051,0.12389867841409692,45,False,medium_high,False,False,guide_previews/hooded_baseball_jacket_design_template__hood__shape_04_guide_preview.jpg
hooded_baseball_jacket_design_template,Hooded-Baseball-Jacket-Design-Template,unknown_garment,hood,unknown,component_5,hooded_baseball_jacket_design_template__hood__shape_05,Hooded-Baseball-Jacket-Design-Template(1).zip,Hood.png,5256,7264,444,3971,638,573,0.12389867841409692,10,False,medium_high,False,False,guide_previews/hooded_baseball_jacket_design_template__hood__shape_05_guide_preview.jpg
hooded_baseball_jacket_design_template,Hooded-Baseball-Jacket-Design-Template,unknown_garment,hood,unknown,component_6,hooded_baseball_jacket_design_template__hood__shape_06,Hooded-Baseball-Jacket-Design-Template(1).zip,Hood.png,5256,7264,444,581,638,573,0.12389867841409692,10,False,medium_high,False,False,guide_previews/hooded_baseball_jacket_design_template__hood__shape_06_guide_preview.jpg
hooded_baseball_jacket_design_template,Hooded-Baseball-Jacket-Design-Template,unknown_garment,pocket,unknown,component_1,hooded_baseball_jacket_design_template__pocket_insert__shape_01,Hooded-Baseball-Jacket-Design-Template(1).zip,Pocket Insert.png,3839,3189,2192,810,414,1497,0.23443605105496224,18,False,medium_high,True,True,guide_previews/hooded_baseball_jacket_design_template__pocket_insert__shape_01_guide_preview.jpg
hooded_baseball_jacket_design_template,Hooded-Baseball-Jacket-Design-Template,unknown_garment,pocket,unknown,component_2,hooded_baseball_jacket_design_template__pocket_insert__shape_02,Hooded-Baseball-Jacket-Design-Template(1).zip,Pocket Insert.png,3839,3189,1233,819,414,1489,0.23443605105496224,18,False,medium_high,True,True,guide_previews/hooded_baseball_jacket_design_template__pocket_insert__shape_02_guide_preview.jpg
hooded_baseball_jacket_design_template,Hooded-Baseball-Jacket-Design-Template,unknown_garment,pocket,unknown,component_1,hooded_baseball_jacket_design_template__pocket__shape_01,Hooded-Baseball-Jacket-Design-Template(1).zip,Pocket.png,5020,4429,965,257,1545,1869,0.17928286852589642,18,False,medium_high,True,True,guide_previews/hooded_baseball_jacket_design_template__pocket__shape_01_guide_preview.jpg
hooded_baseball_jacket_design_template,Hooded-Baseball-Jacket-Design-Template,unknown_garment,pocket,unknown,component_2,hooded_baseball_jacket_design_template__pocket__shape_02,Hooded-Baseball-Jacket-Design-Template(1).zip,Pocket.png,5020,4429,2510,2304,1545,1869,0.17928286852589642,18,False,medium_high,True,True,guide_previews/hooded_baseball_jacket_design_template__pocket__shape_02_guide_preview.jpg
hooded_baseball_jacket_design_template,Hooded-Baseball-Jacket-Design-Template,unknown_garment,pocket,unknown,component_3,hooded_baseball_jacket_design_template__pocket__shape_03,Hooded-Baseball-Jacket-Design-Template(1).zip,Pocket.png,5020,4429,965,2304,1367,1841,0.17928286852589642,18,False,medium_high,True,True,guide_previews/hooded_baseball_jacket_design_template__pocket__shape_03_guide_preview.jpg
hooded_baseball_jacket_design_template,Hooded-Baseball-Jacket-Design-Template,unknown_garment,pocket,unknown,component_4,hooded_baseball_jacket_design_template__pocket__shape_04,Hooded-Baseball-Jacket-Design-Template(1).zip,Pocket.png,5020,4429,2688,257,1367,1835,0.17928286852589642,18,False,medium_high,True,True,guide_previews/hooded_baseball_jacket_design_template__pocket__shape_04_guide_preview.jpg
hooded_baseball_jacket_design_template,Hooded-Baseball-Jacket-Design-Template,unknown_garment,sleeve,unknown,component_1,hooded_baseball_jacket_design_template__sleeves__shape_01,Hooded-Baseball-Jacket-Design-Template(1).zip,Sleeves.png,8150,5787,4166,199,3894,2744,0.11042944785276074,10,False,medium_high,False,False,guide_previews/hooded_baseball_jacket_design_template__sleeves__shape_01_guide_preview.jpg
hooded_baseball_jacket_design_template,Hooded-Baseball-Jacket-Design-Template,unknown_garment,sleeve,unknown,component_2,hooded_baseball_jacket_design_template__sleeves__shape_02,Hooded-Baseball-Jacket-Design-Template(1).zip,Sleeves.png,8150,5787,91,208,3894,2662,0.11042944785276074,10,False,medium_high,False,False,guide_previews/hooded_baseball_jacket_design_template__sleeves__shape_02_guide_preview.jpg
hooded_baseball_jacket_design_template,Hooded-Baseball-Jacket-Design-Template,unknown_garment,sleeve,unknown,component_3,hooded_baseball_jacket_design_template__sleeves__shape_03,Hooded-Baseball-Jacket-Design-Template(1).zip,Sleeves.png,8150,5787,543,2871,2961,1558,0.11042944785276074,10,False,medium_high,False,False,guide_previews/hooded_baseball_jacket_design_template__sleeves__shape_03_guide_preview.jpg
hooded_baseball_jacket_design_template,Hooded-Baseball-Jacket-Design-Template,unknown_garment,sleeve,unknown,component_4,hooded_baseball_jacket_design_template__sleeves__shape_04,Hooded-Baseball-Jacket-Design-Template(1).zip,Sleeves.png,8150,5787,4655,2979,2925,1449,0.11042944785276074,10,False,medium_high,False,False,guide_previews/hooded_baseball_jacket_design_template__sleeves__shape_04_guide_preview.jpg
hooded_baseball_jacket_design_template,Hooded-Baseball-Jacket-Design-Template,unknown_garment,sleeve,unknown,component_5,hooded_baseball_jacket_design_template__sleeves__shape_05,Hooded-Baseball-Jacket-Design-Template(1).zip,Sleeves.png,8150,5787,1141,4609,1712,887,0.11042944785276074,45,False,medium_high,False,False,guide_previews/hooded_baseball_jacket_design_template__sleeves__shape_05_guide_preview.jpg
hooded_baseball_jacket_design_template,Hooded-Baseball-Jacket-Design-Template,unknown_garment,sleeve,unknown,component_6,hooded_baseball_jacket_design_template__sleeves__shape_06,Hooded-Baseball-Jacket-Design-Template(1).zip,Sleeves.png,8150,5787,5225,4609,1702,887,0.11042944785276074,45,False,medium_high,False,False,guide_previews/hooded_baseball_jacket_design_template__sleeves__shape_06_guide_preview.jpg
long_sleeve_button_down_shirt_design_template,Long-Sleeve-Button-Down-Shirt-Design-Template,button_down_shirt,back_panel,back,component_1,long_sleeve_button_down_shirt_design_template__back_side__shape_01,Long-Sleeve-Button-Down-Shirt-Design-Template(2).zip,Back side.png,6319,6319,1011,1587,4297,4592,0.14242759930368729,72,True,medium,False,False,guide_previews/long_sleeve_button_down_shirt_design_template__back_side__shape_01_guide_preview.jpg
long_sleeve_button_down_shirt_design_template,Long-Sleeve-Button-Down-Shirt-Design-Template,button_down_shirt,back_panel,back,component_2,long_sleeve_button_down_shirt_design_template__back_side__shape_02,Long-Sleeve-Button-Down-Shirt-Design-Template(2).zip,Back side.png,6319,6319,1158,140,4002,1271,0.14242759930368729,72,True,medium,False,False,guide_previews/long_sleeve_button_down_shirt_design_template__back_side__shape_02_guide_preview.jpg
long_sleeve_button_down_shirt_design_template,Long-Sleeve-Button-Down-Shirt-Design-Template,button_down_shirt,collar,unknown,component_1,long_sleeve_button_down_shirt_design_template__collar__shape_01,Long-Sleeve-Button-Down-Shirt-Design-Template(2).zip,Collar.png,5315,5315,998,2026,3319,661,0.16933207902163688,5,False,high,False,False,guide_previews/long_sleeve_button_down_shirt_design_template__collar__shape_01_guide_preview.jpg
long_sleeve_button_down_shirt_design_template,Long-Sleeve-Button-Down-Shirt-Design-Template,button_down_shirt,collar,unknown,component_2,long_sleeve_button_down_shirt_design_template__collar__shape_02,Long-Sleeve-Button-Down-Shirt-Design-Template(2).zip,Collar.png,5315,5315,998,1010,3319,656,0.16933207902163688,5,False,high,False,False,guide_previews/long_sleeve_button_down_shirt_design_template__collar__shape_02_guide_preview.jpg
long_sleeve_button_down_shirt_design_template,Long-Sleeve-Button-Down-Shirt-Design-Template,button_down_shirt,collar,unknown,component_3,long_sleeve_button_down_shirt_design_template__collar__shape_03,Long-Sleeve-Button-Down-Shirt-Design-Template(2).zip,Collar.png,5315,5315,862,3791,3591,514,0.16933207902163688,5,False,high,False,False,guide_previews/long_sleeve_button_down_shirt_design_template__collar__shape_03_guide_preview.jpg
long_sleeve_button_down_shirt_design_template,Long-Sleeve-Button-Down-Shirt-Design-Template,button_down_shirt,collar,unknown,component_4,long_sleeve_button_down_shirt_design_template__collar__shape_04,Long-Sleeve-Button-Down-Shirt-Design-Template(2).zip,Collar.png,5315,5315,856,2988,3602,508,0.16933207902163688,5,False,high,False,False,guide_previews/long_sleeve_button_down_shirt_design_template__collar__shape_04_guide_preview.jpg
long_sleeve_button_down_shirt_design_template,Long-Sleeve-Button-Down-Shirt-Design-Template,button_down_shirt,collar,unknown,component_5,long_sleeve_button_down_shirt_design_template__collar__shape_05,Long-Sleeve-Button-Down-Shirt-Design-Template(2).zip,Collar.png,5315,5315,844,833,874,118,0.16933207902163688,5,False,high,False,False,guide_previews/long_sleeve_button_down_shirt_design_template__collar__shape_05_guide_preview.jpg
long_sleeve_button_down_shirt_design_template,Long-Sleeve-Button-Down-Shirt-Design-Template,button_down_shirt,front_panel,front,component_1,long_sleeve_button_down_shirt_design_template__front_side_merged__shape_01,Long-Sleeve-Button-Down-Shirt-Design-Template(2).zip,Front side merged.png,6319,6319,927,709,4465,3988,0.14242759930368729,90,True,medium,False,False,guide_previews/long_sleeve_button_down_shirt_design_template__front_side_merged__shape_01_guide_preview.jpg
long_sleeve_button_down_shirt_design_template,Long-Sleeve-Button-Down-Shirt-Design-Template,button_down_shirt,front_panel,front,component_2,long_sleeve_button_down_shirt_design_template__front_side_merged__shape_02,Long-Sleeve-Button-Down-Shirt-Design-Template(2).zip,Front side merged.png,6319,6319,920,4760,4479,1418,0.14242759930368729,10,False,medium,False,False,guide_previews/long_sleeve_button_down_shirt_design_template__front_side_merged__shape_02_guide_preview.jpg
long_sleeve_button_down_shirt_design_template,Long-Sleeve-Button-Down-Shirt-Design-Template,button_down_shirt,front_panel,front,component_1,long_sleeve_button_down_shirt_design_template__front_side__shape_01,Long-Sleeve-Button-Down-Shirt-Design-Template(2).zip,Front side.png,6319,6319,611,709,2422,5469,0.14242759930368729,90,True,medium,False,False,guide_previews/long_sleeve_button_down_shirt_design_template__front_side__shape_01_guide_preview.jpg
long_sleeve_button_down_shirt_design_template,Long-Sleeve-Button-Down-Shirt-Design-Template,button_down_shirt,front_panel,front,component_2,long_sleeve_button_down_shirt_design_template__front_side__shape_02,Long-Sleeve-Button-Down-Shirt-Design-Template(2).zip,Front side.png,6319,6319,3216,709,2478,4002,0.14242759930368729,10,False,medium,False,False,guide_previews/long_sleeve_button_down_shirt_design_template__front_side__shape_02_guide_preview.jpg
long_sleeve_button_down_shirt_design_template,Long-Sleeve-Button-Down-Shirt-Design-Template,button_down_shirt,front_panel,front,component_3,long_sleeve_button_down_shirt_design_template__front_side__shape_03,Long-Sleeve-Button-Down-Shirt-Design-Template(2).zip,Front side.png,6319,6319,3216,4767,2492,1411,0.14242759930368729,10,False,medium,False,False,guide_previews/long_sleeve_button_down_shirt_design_template__front_side__shape_03_guide_preview.jpg
long_sleeve_button_down_shirt_design_template,Long-Sleeve-Button-Down-Shirt-Design-Template,button_down_shirt,inside_label,inside,inside,long_sleeve_button_down_shirt_design_template__inside_label__shape_01,Long-Sleeve-Button-Down-Shirt-Design-Template(2).zip,Inside label.png,600,250,43,13,512,224,1.0,5,False,high,False,False,guide_previews/long_sleeve_button_down_shirt_design_template__inside_label__shape_01_guide_preview.jpg
long_sleeve_button_down_shirt_design_template,Long-Sleeve-Button-Down-Shirt-Design-Template,button_down_shirt,inside_label,inside,inside,long_sleeve_button_down_shirt_design_template__inside_label__shape_02,Long-Sleeve-Button-Down-Shirt-Design-Template(2).zip,Inside label.png,600,250,235,146,21,23,1.0,5,False,high,False,False,guide_previews/long_sleeve_button_down_shirt_design_template__inside_label__shape_02_guide_preview.jpg
long_sleeve_button_down_shirt_design_template,Long-Sleeve-Button-Down-Shirt-Design-Template,button_down_shirt,inside_label,inside,inside,long_sleeve_button_down_shirt_design_template__inside_label__shape_03,Long-Sleeve-Button-Down-Shirt-Design-Template(2).zip,Inside label.png,600,250,314,179,21,23,1.0,5,False,high,False,False,guide_previews/long_sleeve_button_down_shirt_design_template__inside_label__shape_03_guide_preview.jpg
long_sleeve_button_down_shirt_design_template,Long-Sleeve-Button-Down-Shirt-Design-Template,button_down_shirt,inside_label,inside,inside,long_sleeve_button_down_shirt_design_template__inside_label__shape_04,Long-Sleeve-Button-Down-Shirt-Design-Template(2).zip,Inside label.png,600,250,245,185,28,17,1.0,5,False,high,False,False,guide_previews/long_sleeve_button_down_shirt_design_template__inside_label__shape_04_guide_preview.jpg
long_sleeve_button_down_shirt_design_template,Long-Sleeve-Button-Down-Shirt-Design-Template,button_down_shirt,inside_label,inside,inside,long_sleeve_button_down_shirt_design_template__inside_label__shape_05,Long-Sleeve-Button-Down-Shirt-Design-Template(2).zip,Inside label.png,600,250,385,185,28,17,1.0,5,False,high,False,False,guide_previews/long_sleeve_button_down_shirt_design_template__inside_label__shape_05_guide_preview.jpg
long_sleeve_button_down_shirt_design_template,Long-Sleeve-Button-Down-Shirt-Design-Template,button_down_shirt,inside_label,inside,inside,long_sleeve_button_down_shirt_design_template__inside_label__shape_06,Long-Sleeve-Button-Down-Shirt-Design-Template(2).zip,Inside label.png,600,250,183,179,20,23,1.0,5,False,high,False,False,guide_previews/long_sleeve_button_down_shirt_design_template__inside_label__shape_06_guide_preview.jpg
long_sleeve_button_down_shirt_design_template,Long-Sleeve-Button-Down-Shirt-Design-Template,button_down_shirt,inside_label,inside,inside,long_sleeve_button_down_shirt_design_template__inside_label__shape_07,Long-Sleeve-Button-Down-Shirt-Design-Template(2).zip,Inside label.png,600,250,187,40,32,14,1.0,5,False,high,False,False,guide_previews/long_sleeve_button_down_shirt_design_template__inside_label__shape_07_guide_preview.jpg
long_sleeve_button_down_shirt_design_template,Long-Sleeve-Button-Down-Shirt-Design-Template,button_down_shirt,inside_label,inside,inside,long_sleeve_button_down_shirt_design_template__inside_label__shape_08,Long-Sleeve-Button-Down-Shirt-Design-Template(2).zip,Inside label.png,600,250,338,146,19,23,1.0,5,False,high,False,False,guide_previews/long_sleeve_button_down_shirt_design_template__inside_label__shape_08_guide_preview.jpg
long_sleeve_button_down_shirt_design_template,Long-Sleeve-Button-Down-Shirt-Design-Template,button_down_shirt,inside_label,inside,inside,long_sleeve_button_down_shirt_design_template__inside_label__shape_09,Long-Sleeve-Button-Down-Shirt-Design-Template(2).zip,Inside label.png,600,250,370,86,29,15,1.0,5,False,high,False,False,guide_previews/long_sleeve_button_down_shirt_design_template__inside_label__shape_09_guide_preview.jpg
long_sleeve_button_down_shirt_design_template,Long-Sleeve-Button-Down-Shirt-Design-Template,button_down_shirt,inside_label,inside,inside,long_sleeve_button_down_shirt_design_template__inside_label__shape_10,Long-Sleeve-Button-Down-Shirt-Design-Template(2).zip,Inside label.png,600,250,347,179,18,23,1.0,5,False,high,False,False,guide_previews/long_sleeve_button_down_shirt_design_template__inside_label__shape_10_guide_preview.jpg
long_sleeve_button_down_shirt_design_template,Long-Sleeve-Button-Down-Shirt-Design-Template,button_down_shirt,inside_label,inside,inside,long_sleeve_button_down_shirt_design_template__inside_label__shape_11,Long-Sleeve-Button-Down-Shirt-Design-Template(2).zip,Inside label.png,600,250,172,86,26,15,1.0,5,False,high,False,False,guide_previews/long_sleeve_button_down_shirt_design_template__inside_label__shape_11_guide_preview.jpg
long_sleeve_button_down_shirt_design_template,Long-Sleeve-Button-Down-Shirt-Design-Template,button_down_shirt,inside_label,inside,inside,long_sleeve_button_down_shirt_design_template__inside_label__shape_12,Long-Sleeve-Button-Down-Shirt-Design-Template(2).zip,Inside label.png,600,250,221,109,22,15,1.0,5,False,high,False,False,guide_previews/long_sleeve_button_down_shirt_design_template__inside_label__shape_12_guide_preview.jpg
long_sleeve_button_down_shirt_design_template,Long-Sleeve-Button-Down-Shirt-Design-Template,button_down_shirt,inside_label,inside,inside,long_sleeve_button_down_shirt_design_template__inside_label__shape_13,Long-Sleeve-Button-Down-Shirt-Design-Template(2).zip,Inside label.png,600,250,285,152,18,17,1.0,5,False,high,False,False,guide_previews/long_sleeve_button_down_shirt_design_template__inside_label__shape_13_guide_preview.jpg
long_sleeve_button_down_shirt_design_template,Long-Sleeve-Button-Down-Shirt-Design-Template,button_down_shirt,inside_label,inside,inside,long_sleeve_button_down_shirt_design_template__inside_label__shape_14,Long-Sleeve-Button-Down-Shirt-Design-Template(2).zip,Inside label.png,600,250,285,185,18,17,1.0,5,False,high,False,False,guide_previews/long_sleeve_button_down_shirt_design_template__inside_label__shape_14_guide_preview.jpg
long_sleeve_button_down_shirt_design_template,Long-Sleeve-Button-Down-Shirt-Design-Template,button_down_shirt,inside_label,inside,inside,long_sleeve_button_down_shirt_design_template__inside_label__shape_15,Long-Sleeve-Button-Down-Shirt-Design-Template(2).zip,Inside label.png,600,250,226,185,17,17,1.0,5,False,high,False,False,guide_previews/long_sleeve_button_down_shirt_design_template__inside_label__shape_15_guide_preview.jpg
long_sleeve_button_down_shirt_design_template,Long-Sleeve-Button-Down-Shirt-Design-Template,button_down_shirt,inside_label,inside,inside,long_sleeve_button_down_shirt_design_template__inside_label__shape_16,Long-Sleeve-Button-Down-Shirt-Design-Template(2).zip,Inside label.png,600,250,366,185,17,17,1.0,5,False,high,False,False,guide_previews/long_sleeve_button_down_shirt_design_template__inside_label__shape_16_guide_preview.jpg
long_sleeve_button_down_shirt_design_template,Long-Sleeve-Button-Down-Shirt-Design-Template,button_down_shirt,inside_label,inside,inside,long_sleeve_button_down_shirt_design_template__inside_label__shape_17,Long-Sleeve-Button-Down-Shirt-Design-Template(2).zip,Inside label.png,600,250,351,109,16,15,1.0,5,False,high,False,False,guide_previews/long_sleeve_button_down_shirt_design_template__inside_label__shape_17_guide_preview.jpg
long_sleeve_button_down_shirt_design_template,Long-Sleeve-Button-Down-Shirt-Design-Template,button_down_shirt,unknown_panel,inside,inside,long_sleeve_button_down_shirt_design_template__inside_yoke__shape_01,Long-Sleeve-Button-Down-Shirt-Design-Template(2).zip,Inside yoke.png,6319,6319,1158,140,4002,1362,0.14242759930368729,35,False,medium,False,False,guide_previews/long_sleeve_button_down_shirt_design_template__inside_yoke__shape_01_guide_preview.jpg
long_sleeve_button_down_shirt_design_template,Long-Sleeve-Button-Down-Shirt-Design-Template,button_down_shirt,sleeve,unknown,component_1,long_sleeve_button_down_shirt_design_template__sleeves__shape_01,Long-Sleeve-Button-Down-Shirt-Design-Template(2).zip,Sleeves.png,9094,6142,4658,293,3880,4001,0.09896635144051022,45,False,medium_high,False,False,guide_previews/long_sleeve_button_down_shirt_design_template__sleeves__shape_01_guide_preview.jpg
long_sleeve_button_down_shirt_design_template,Long-Sleeve-Button-Down-Shirt-Design-Template,button_down_shirt,sleeve,unknown,component_2,long_sleeve_button_down_shirt_design_template__sleeves__shape_02,Long-Sleeve-Button-Down-Shirt-Design-Template(2).zip,Sleeves.png,9094,6142,596,293,3880,4001,0.09896635144051022,45,False,medium_high,False,False,guide_previews/long_sleeve_button_down_shirt_design_template__sleeves__shape_02_guide_preview.jpg
long_sleeve_button_down_shirt_design_template,Long-Sleeve-Button-Down-Shirt-Design-Template,button_down_shirt,sleeve,unknown,component_3,long_sleeve_button_down_shirt_design_template__sleeves__shape_03,Long-Sleeve-Button-Down-Shirt-Design-Template(2).zip,Sleeves.png,9094,6142,647,404,1930,2294,0.09896635144051022,10,False,medium_high,False,False,guide_previews/long_sleeve_button_down_shirt_design_template__sleeves__shape_03_guide_preview.jpg
long_sleeve_button_down_shirt_design_template,Long-Sleeve-Button-Down-Shirt-Design-Template,button_down_shirt,sleeve,unknown,component_4,long_sleeve_button_down_shirt_design_template__sleeves__shape_04,Long-Sleeve-Button-Down-Shirt-Design-Template(2).zip,Sleeves.png,9094,6142,6608,404,1879,1738,0.09896635144051022,10,False,medium_high,False,False,guide_previews/long_sleeve_button_down_shirt_design_template__sleeves__shape_04_guide_preview.jpg
long_sleeve_button_down_shirt_design_template,Long-Sleeve-Button-Down-Shirt-Design-Template,button_down_shirt,sleeve,unknown,component_5,long_sleeve_button_down_shirt_design_template__sleeves__shape_05,Long-Sleeve-Button-Down-Shirt-Design-Template(2).zip,Sleeves.png,9094,6142,7366,2233,818,2011,0.09896635144051022,10,False,medium_high,False,False,guide_previews/long_sleeve_button_down_shirt_design_template__sleeves__shape_05_guide_preview.jpg
long_sleeve_button_down_shirt_design_template,Long-Sleeve-Button-Down-Shirt-Design-Template,button_down_shirt,sleeve,unknown,component_6,long_sleeve_button_down_shirt_design_template__sleeves__shape_06,Long-Sleeve-Button-Down-Shirt-Design-Template(2).zip,Sleeves.png,9094,6142,1495,5153,2142,626,0.09896635144051022,45,False,medium_high,False,False,guide_previews/long_sleeve_button_down_shirt_design_template__sleeves__shape_06_guide_preview.jpg
oversized_hoodie_design_template,Oversized-Hoodie-Design-Template,oversized_hoodie,back_panel,back,component_1,oversized_hoodie_design_template__back_side__shape_01,Oversized-Hoodie-Design-Template(2).zip,Back side.png,5728,6496,368,217,4987,3926,0.13854679802955666,10,False,medium,False,False,guide_previews/oversized_hoodie_design_template__back_side__shape_01_guide_preview.jpg
oversized_hoodie_design_template,Oversized-Hoodie-Design-Template,oversized_hoodie,back_panel,back,component_2,oversized_hoodie_design_template__back_side__shape_02,Oversized-Hoodie-Design-Template(2).zip,Back side.png,5728,6496,448,4092,4829,1126,0.13854679802955666,10,False,medium,False,False,guide_previews/oversized_hoodie_design_template__back_side__shape_02_guide_preview.jpg
oversized_hoodie_design_template,Oversized-Hoodie-Design-Template,oversized_hoodie,back_panel,back,component_3,oversized_hoodie_design_template__back_side__shape_03,Oversized-Hoodie-Design-Template(2).zip,Back side.png,5728,6496,974,5832,3775,491,0.13854679802955666,10,False,medium,False,False,guide_previews/oversized_hoodie_design_template__back_side__shape_03_guide_preview.jpg
oversized_hoodie_design_template,Oversized-Hoodie-Design-Template,oversized_hoodie,back_panel,back,component_4,oversized_hoodie_design_template__back_side__shape_04,Oversized-Hoodie-Design-Template(2).zip,Back side.png,5728,6496,974,5377,3775,448,0.13854679802955666,10,False,medium,False,False,guide_previews/oversized_hoodie_design_template__back_side__shape_04_guide_preview.jpg
oversized_hoodie_design_template,Oversized-Hoodie-Design-Template,oversized_hoodie,front_panel,front,component_1,oversized_hoodie_design_template__front_side__shape_01,Oversized-Hoodie-Design-Template(2).zip,Front side.png,5728,6496,368,209,4987,3854,0.13854679802955666,10,False,medium,False,False,guide_previews/oversized_hoodie_design_template__front_side__shape_01_guide_preview.jpg
oversized_hoodie_design_template,Oversized-Hoodie-Design-Template,oversized_hoodie,front_panel,front,component_2,oversized_hoodie_design_template__front_side__shape_02,Oversized-Hoodie-Design-Template(2).zip,Front side.png,5728,6496,448,4092,4829,1133,0.13854679802955666,10,False,medium,False,False,guide_previews/oversized_hoodie_design_template__front_side__shape_02_guide_preview.jpg
oversized_hoodie_design_template,Oversized-Hoodie-Design-Template,oversized_hoodie,front_panel,front,component_3,oversized_hoodie_design_template__front_side__shape_03,Oversized-Hoodie-Design-Template(2).zip,Front side.png,5728,6496,974,5839,3775,491,0.13854679802955666,10,False,medium,False,False,guide_previews/oversized_hoodie_design_template__front_side__shape_03_guide_preview.jpg
oversized_hoodie_design_template,Oversized-Hoodie-Design-Template,oversized_hoodie,front_panel,front,component_4,oversized_hoodie_design_template__front_side__shape_04,Oversized-Hoodie-Design-Template(2).zip,Front side.png,5728,6496,974,5384,3775,448,0.13854679802955666,10,False,medium,False,False,guide_previews/oversized_hoodie_design_template__front_side__shape_04_guide_preview.jpg
oversized_hoodie_design_template,Oversized-Hoodie-Design-Template,oversized_hoodie,front_panel,front,component_5,oversized_hoodie_design_template__front_side__shape_05,Oversized-Hoodie-Design-Template(2).zip,Front side.png,5728,6496,2209,549,404,397,0.13854679802955666,10,False,medium,False,False,guide_previews/oversized_hoodie_design_template__front_side__shape_05_guide_preview.jpg
oversized_hoodie_design_template,Oversized-Hoodie-Design-Template,oversized_hoodie,hood,unknown,component_1,oversized_hoodie_design_template__hood__shape_01,Oversized-Hoodie-Design-Template(2).zip,Hood.png,4902,6083,2528,291,2257,2602,0.14795331251027455,45,False,medium_high,False,False,guide_previews/oversized_hoodie_design_template__hood__shape_01_guide_preview.jpg
oversized_hoodie_design_template,Oversized-Hoodie-Design-Template,oversized_hoodie,hood,unknown,component_2,oversized_hoodie_design_template__hood__shape_02,Oversized-Hoodie-Design-Template(2).zip,Hood.png,4902,6083,115,291,2257,2602,0.14795331251027455,45,False,medium_high,False,False,guide_previews/oversized_hoodie_design_template__hood__shape_02_guide_preview.jpg
oversized_hoodie_design_template,Oversized-Hoodie-Design-Template,oversized_hoodie,hood,unknown,component_3,oversized_hoodie_design_template__hood__shape_03,Oversized-Hoodie-Design-Template(2).zip,Hood.png,4902,6083,419,3183,1953,2528,0.14795331251027455,45,False,medium_high,False,False,guide_previews/oversized_hoodie_design_template__hood__shape_03_guide_preview.jpg
oversized_hoodie_design_template,Oversized-Hoodie-Design-Template,oversized_hoodie,hood,unknown,component_4,oversized_hoodie_design_template__hood__shape_04,Oversized-Hoodie-Design-Template(2).zip,Hood.png,4902,6083,2528,3183,1953,2528,0.14795331251027455,45,False,medium_high,False,False,guide_previews/oversized_hoodie_design_template__hood__shape_04_guide_preview.jpg
oversized_hoodie_design_template,Oversized-Hoodie-Design-Template,oversized_hoodie,hood,unknown,component_5,oversized_hoodie_design_template__hood__shape_05,Oversized-Hoodie-Design-Template(2).zip,Hood.png,4902,6083,3967,3406,345,351,0.14795331251027455,10,False,medium_high,False,False,guide_previews/oversized_hoodie_design_template__hood__shape_05_guide_preview.jpg
oversized_hoodie_design_template,Oversized-Hoodie-Design-Template,oversized_hoodie,inside_label,inside,inside,oversized_hoodie_design_template__inside_label__shape_01,Oversized-Hoodie-Design-Template(2).zip,Inside_Label.png,500,328,16,14,467,299,1.0,5,False,high,False,False,guide_previews/oversized_hoodie_design_template__inside_label__shape_01_guide_preview.jpg
oversized_hoodie_design_template,Oversized-Hoodie-Design-Template,oversized_hoodie,inside_label,inside,inside,oversized_hoodie_design_template__inside_label__shape_02,Oversized-Hoodie-Design-Template(2).zip,Inside_Label.png,500,328,188,243,36,22,1.0,5,False,high,False,False,guide_previews/oversized_hoodie_design_template__inside_label__shape_02_guide_preview.jpg
oversized_hoodie_design_template,Oversized-Hoodie-Design-Template,oversized_hoodie,inside_label,inside,inside,oversized_hoodie_design_template__inside_label__shape_03,Oversized-Hoodie-Design-Template(2).zip,Inside_Label.png,500,328,366,243,36,22,1.0,5,False,high,False,False,guide_previews/oversized_hoodie_design_template__inside_label__shape_03_guide_preview.jpg
oversized_hoodie_design_template,Oversized-Hoodie-Design-Template,oversized_hoodie,inside_label,inside,inside,oversized_hoodie_design_template__inside_label__shape_04,Oversized-Hoodie-Design-Template(2).zip,Inside_Label.png,500,328,112,56,43,17,1.0,5,False,high,False,False,guide_previews/oversized_hoodie_design_template__inside_label__shape_04_guide_preview.jpg
oversized_hoodie_design_template,Oversized-Hoodie-Design-Template,oversized_hoodie,inside_label,inside,inside,oversized_hoodie_design_template__inside_label__shape_05,Oversized-Hoodie-Design-Template(2).zip,Inside_Label.png,500,328,99,236,24,29,1.0,5,False,high,False,False,guide_previews/oversized_hoodie_design_template__inside_label__shape_05_guide_preview.jpg
oversized_hoodie_design_template,Oversized-Hoodie-Design-Template,oversized_hoodie,inside_label,inside,inside,oversized_hoodie_design_template__inside_label__shape_06,Oversized-Hoodie-Design-Template(2).zip,Inside_Label.png,500,328,137,236,23,29,1.0,5,False,high,False,False,guide_previews/oversized_hoodie_design_template__inside_label__shape_06_guide_preview.jpg
oversized_hoodie_design_template,Oversized-Hoodie-Design-Template,oversized_hoodie,inside_label,inside,inside,oversized_hoodie_design_template__inside_label__shape_07,Oversized-Hoodie-Design-Template(2).zip,Inside_Label.png,500,328,278,236,23,29,1.0,5,False,high,False,False,guide_previews/oversized_hoodie_design_template__inside_label__shape_07_guide_preview.jpg
oversized_hoodie_design_template,Oversized-Hoodie-Design-Template,oversized_hoodie,inside_label,inside,inside,oversized_hoodie_design_template__inside_label__shape_08,Oversized-Hoodie-Design-Template(2).zip,Inside_Label.png,500,328,316,236,23,29,1.0,5,False,high,False,False,guide_previews/oversized_hoodie_design_template__inside_label__shape_08_guide_preview.jpg
oversized_hoodie_design_template,Oversized-Hoodie-Design-Template,oversized_hoodie,inside_label,inside,inside,oversized_hoodie_design_template__inside_label__shape_09,Oversized-Hoodie-Design-Template(2).zip,Inside_Label.png,500,328,139,193,23,29,1.0,5,False,high,False,False,guide_previews/oversized_hoodie_design_template__inside_label__shape_09_guide_preview.jpg
oversized_hoodie_design_template,Oversized-Hoodie-Design-Template,oversized_hoodie,inside_label,inside,inside,oversized_hoodie_design_template__inside_label__shape_10,Oversized-Hoodie-Design-Template(2).zip,Inside_Label.png,500,328,177,193,23,29,1.0,5,False,high,False,False,guide_previews/oversized_hoodie_design_template__inside_label__shape_10_guide_preview.jpg
oversized_hoodie_design_template,Oversized-Hoodie-Design-Template,oversized_hoodie,inside_label,inside,inside,oversized_hoodie_design_template__inside_label__shape_11,Oversized-Hoodie-Design-Template(2).zip,Inside_Label.png,500,328,278,193,23,29,1.0,5,False,high,False,False,guide_previews/oversized_hoodie_design_template__inside_label__shape_11_guide_preview.jpg
oversized_hoodie_design_template,Oversized-Hoodie-Design-Template,oversized_hoodie,inside_label,inside,inside,oversized_hoodie_design_template__inside_label__shape_12,Oversized-Hoodie-Design-Template(2).zip,Inside_Label.png,500,328,315,193,23,29,1.0,5,False,high,False,False,guide_previews/oversized_hoodie_design_template__inside_label__shape_12_guide_preview.jpg
oversized_hoodie_design_template,Oversized-Hoodie-Design-Template,oversized_hoodie,inside_label,inside,inside,oversized_hoodie_design_template__inside_label__shape_13,Oversized-Hoodie-Design-Template(2).zip,Inside_Label.png,500,328,240,200,23,22,1.0,5,False,high,False,False,guide_previews/oversized_hoodie_design_template__inside_label__shape_13_guide_preview.jpg
oversized_hoodie_design_template,Oversized-Hoodie-Design-Template,oversized_hoodie,inside_label,inside,inside,oversized_hoodie_design_template__inside_label__shape_14,Oversized-Hoodie-Design-Template(2).zip,Inside_Label.png,500,328,240,243,23,22,1.0,5,False,high,False,False,guide_previews/oversized_hoodie_design_template__inside_label__shape_14_guide_preview.jpg
oversized_hoodie_design_template,Oversized-Hoodie-Design-Template,oversized_hoodie,inside_label,inside,inside,oversized_hoodie_design_template__inside_label__shape_15,Oversized-Hoodie-Design-Template(2).zip,Inside_Label.png,500,328,163,243,22,22,1.0,5,False,high,False,False,guide_previews/oversized_hoodie_design_template__inside_label__shape_15_guide_preview.jpg
oversized_hoodie_design_template,Oversized-Hoodie-Design-Template,oversized_hoodie,inside_label,inside,inside,oversized_hoodie_design_template__inside_label__shape_16,Oversized-Hoodie-Design-Template(2).zip,Inside_Label.png,500,328,342,243,22,22,1.0,5,False,high,False,False,guide_previews/oversized_hoodie_design_template__inside_label__shape_16_guide_preview.jpg
oversized_hoodie_design_template,Oversized-Hoodie-Design-Template,oversized_hoodie,inside_label,inside,inside,oversized_hoodie_design_template__inside_label__shape_17,Oversized-Hoodie-Design-Template(2).zip,Inside_Label.png,500,328,344,114,21,19,1.0,5,False,high,False,False,guide_previews/oversized_hoodie_design_template__inside_label__shape_17_guide_preview.jpg
oversized_hoodie_design_template,Oversized-Hoodie-Design-Template,oversized_hoodie,inside_label,inside,inside,oversized_hoodie_design_template__inside_label__shape_18,Oversized-Hoodie-Design-Template(2).zip,Inside_Label.png,500,328,228,114,20,19,1.0,5,False,high,False,False,guide_previews/oversized_hoodie_design_template__inside_label__shape_18_guide_preview.jpg
oversized_hoodie_design_template,Oversized-Hoodie-Design-Template,oversized_hoodie,inside_label,inside,inside,oversized_hoodie_design_template__inside_label__shape_19,Oversized-Hoodie-Design-Template(2).zip,Inside_Label.png,500,328,250,114,20,19,1.0,5,False,high,False,False,guide_previews/oversized_hoodie_design_template__inside_label__shape_19_guide_preview.jpg
oversized_hoodie_design_template,Oversized-Hoodie-Design-Template,oversized_hoodie,inside_label,inside,inside,oversized_hoodie_design_template__inside_label__shape_20,Oversized-Hoodie-Design-Template(2).zip,Inside_Label.png,500,328,365,114,20,19,1.0,5,False,high,False,False,guide_previews/oversized_hoodie_design_template__inside_label__shape_20_guide_preview.jpg
oversized_hoodie_design_template,Oversized-Hoodie-Design-Template,oversized_hoodie,inside_label,inside,inside,oversized_hoodie_design_template__inside_label__shape_21,Oversized-Hoodie-Design-Template(2).zip,Inside_Label.png,500,328,180,114,19,19,1.0,5,False,high,False,False,guide_previews/oversized_hoodie_design_template__inside_label__shape_21_guide_preview.jpg
oversized_hoodie_design_template,Oversized-Hoodie-Design-Template,oversized_hoodie,inside_label,inside,inside,oversized_hoodie_design_template__inside_label__shape_22,Oversized-Hoodie-Design-Template(2).zip,Inside_Label.png,500,328,117,114,17,19,1.0,5,False,high,False,False,guide_previews/oversized_hoodie_design_template__inside_label__shape_22_guide_preview.jpg
oversized_hoodie_design_template,Oversized-Hoodie-Design-Template,oversized_hoodie,inside_label,inside,inside,oversized_hoodie_design_template__inside_label__shape_23,Oversized-Hoodie-Design-Template(2).zip,Inside_Label.png,500,328,273,114,17,19,1.0,5,False,high,False,False,guide_previews/oversized_hoodie_design_template__inside_label__shape_23_guide_preview.jpg
oversized_hoodie_design_template,Oversized-Hoodie-Design-Template,oversized_hoodie,inside_label,inside,inside,oversized_hoodie_design_template__inside_label__shape_24,Oversized-Hoodie-Design-Template(2).zip,Inside_Label.png,500,328,256,276,17,19,1.0,5,False,high,False,False,guide_previews/oversized_hoodie_design_template__inside_label__shape_24_guide_preview.jpg
oversized_hoodie_design_template,Oversized-Hoodie-Design-Template,oversized_hoodie,inside_label,inside,inside,oversized_hoodie_design_template__inside_label__shape_25,Oversized-Hoodie-Design-Template(2).zip,Inside_Label.png,500,328,145,114,16,19,1.0,5,False,high,False,False,guide_previews/oversized_hoodie_design_template__inside_label__shape_25_guide_preview.jpg
oversized_hoodie_design_template,Oversized-Hoodie-Design-Template,oversized_hoodie,inside_label,inside,inside,oversized_hoodie_design_template__inside_label__shape_26,Oversized-Hoodie-Design-Template(2).zip,Inside_Label.png,500,328,209,114,16,19,1.0,5,False,high,False,False,guide_previews/oversized_hoodie_design_template__inside_label__shape_26_guide_preview.jpg
oversized_hoodie_design_template,Oversized-Hoodie-Design-Template,oversized_hoodie,inside_label,inside,inside,oversized_hoodie_design_template__inside_label__shape_27,Oversized-Hoodie-Design-Template(2).zip,Inside_Label.png,500,328,275,276,16,19,1.0,5,False,high,False,False,guide_previews/oversized_hoodie_design_template__inside_label__shape_27_guide_preview.jpg
oversized_hoodie_design_template,Oversized-Hoodie-Design-Template,oversized_hoodie,inside_label,inside,inside,oversized_hoodie_design_template__inside_label__shape_28,Oversized-Hoodie-Design-Template(2).zip,Inside_Label.png,500,328,97,114,16,19,1.0,5,False,high,False,False,guide_previews/oversized_hoodie_design_template__inside_label__shape_28_guide_preview.jpg
oversized_hoodie_design_template,Oversized-Hoodie-Design-Template,oversized_hoodie,inside_label,inside,inside,oversized_hoodie_design_template__inside_label__shape_29,Oversized-Hoodie-Design-Template(2).zip,Inside_Label.png,500,328,294,281,16,18,1.0,5,False,high,False,False,guide_previews/oversized_hoodie_design_template__inside_label__shape_29_guide_preview.jpg
oversized_hoodie_design_template,Oversized-Hoodie-Design-Template,oversized_hoodie,inside_label,inside,inside,oversized_hoodie_design_template__inside_label__shape_30,Oversized-Hoodie-Design-Template(2).zip,Inside_Label.png,500,328,164,114,15,19,1.0,5,False,high,False,False,guide_previews/oversized_hoodie_design_template__inside_label__shape_30_guide_preview.jpg
oversized_hoodie_design_template,Oversized-Hoodie-Design-Template,oversized_hoodie,inside_label,inside,inside,oversized_hoodie_design_template__inside_label__shape_31,Oversized-Hoodie-Design-Template(2).zip,Inside_Label.png,500,328,302,114,15,19,1.0,5,False,high,False,False,guide_previews/oversized_hoodie_design_template__inside_label__shape_31_guide_preview.jpg
oversized_hoodie_design_template,Oversized-Hoodie-Design-Template,oversized_hoodie,inside_label,inside,inside,oversized_hoodie_design_template__inside_label__shape_32,Oversized-Hoodie-Design-Template(2).zip,Inside_Label.png,500,328,388,114,15,19,1.0,5,False,high,False,False,guide_previews/oversized_hoodie_design_template__inside_label__shape_32_guide_preview.jpg
oversized_hoodie_design_template,Oversized-Hoodie-Design-Template,oversized_hoodie,inside_label,inside,inside,oversized_hoodie_design_template__inside_label__shape_33,Oversized-Hoodie-Design-Template(2).zip,Inside_Label.png,500,328,239,276,15,19,1.0,5,False,high,False,False,guide_previews/oversized_hoodie_design_template__inside_label__shape_33_guide_preview.jpg
oversized_hoodie_design_template,Oversized-Hoodie-Design-Template,oversized_hoodie,kangaroo_pocket,unknown,component_1,oversized_hoodie_design_template__kangaroo_pocket__shape_01,Oversized-Hoodie-Design-Template(2).zip,Kangaroo Pocket.png,3189,2303,113,305,2959,1754,0.28222013170272814,18,False,medium_high,True,True,guide_previews/oversized_hoodie_design_template__kangaroo_pocket__shape_01_guide_preview.jpg
oversized_hoodie_design_template,Oversized-Hoodie-Design-Template,oversized_hoodie,kangaroo_pocket,unknown,component_2,oversized_hoodie_design_template__kangaroo_pocket__shape_02,Oversized-Hoodie-Design-Template(2).zip,Kangaroo Pocket.png,3189,2303,1155,237,875,124,0.28222013170272814,18,False,medium_high,True,True,guide_previews/oversized_hoodie_design_template__kangaroo_pocket__shape_02_guide_preview.jpg
oversized_hoodie_design_template,Oversized-Hoodie-Design-Template,oversized_hoodie,kangaroo_pocket,unknown,component_3,oversized_hoodie_design_template__kangaroo_pocket__shape_03,Oversized-Hoodie-Design-Template(2).zip,Kangaroo Pocket.png,3189,2303,882,2080,188,96,0.28222013170272814,18,False,medium_high,True,True,guide_previews/oversized_hoodie_design_template__kangaroo_pocket__shape_03_guide_preview.jpg
oversized_hoodie_design_template,Oversized-Hoodie-Design-Template,oversized_hoodie,sleeve,unknown,component_1,oversized_hoodie_design_template__sleeves__shape_01,Oversized-Hoodie-Design-Template(2).zip,Sleeves.png,7382,5610,66,262,3543,3035,0.1219181793551883,10,False,medium_high,False,False,guide_previews/oversized_hoodie_design_template__sleeves__shape_01_guide_preview.jpg
oversized_hoodie_design_template,Oversized-Hoodie-Design-Template,oversized_hoodie,sleeve,unknown,component_2,oversized_hoodie_design_template__sleeves__shape_02,Oversized-Hoodie-Design-Template(2).zip,Sleeves.png,7382,5610,3773,262,3543,2969,0.1219181793551883,10,False,medium_high,False,False,guide_previews/oversized_hoodie_design_template__sleeves__shape_02_guide_preview.jpg
oversized_hoodie_design_template,Oversized-Hoodie-Design-Template,oversized_hoodie,sleeve,unknown,component_3,oversized_hoodie_design_template__sleeves__shape_03,Oversized-Hoodie-Design-Template(2).zip,Sleeves.png,7382,5610,656,3322,2370,910,0.1219181793551883,10,False,medium_high,False,False,guide_previews/oversized_hoodie_design_template__sleeves__shape_03_guide_preview.jpg
oversized_hoodie_design_template,Oversized-Hoodie-Design-Template,oversized_hoodie,sleeve,unknown,component_4,oversized_hoodie_design_template__sleeves__shape_04,Oversized-Hoodie-Design-Template(2).zip,Sleeves.png,7382,5610,4364,3363,2362,869,0.1219181793551883,10,False,medium_high,False,False,guide_previews/oversized_hoodie_design_template__sleeves__shape_04_guide_preview.jpg
oversized_hoodie_design_template,Oversized-Hoodie-Design-Template,oversized_hoodie,sleeve,unknown,component_5,oversized_hoodie_design_template__sleeves__shape_05,Oversized-Hoodie-Design-Template(2).zip,Sleeves.png,7382,5610,1009,4396,1583,902,0.1219181793551883,10,False,medium_high,False,False,guide_previews/oversized_hoodie_design_template__sleeves__shape_05_guide_preview.jpg
oversized_hoodie_design_template,Oversized-Hoodie-Design-Template,oversized_hoodie,sleeve,unknown,component_6,oversized_hoodie_design_template__sleeves__shape_06,Oversized-Hoodie-Design-Template(2).zip,Sleeves.png,7382,5610,4716,4396,1575,902,0.1219181793551883,10,False,medium_high,False,False,guide_previews/oversized_hoodie_design_template__sleeves__shape_06_guide_preview.jpg
padded_sports_bra_design_template,Padded-Sports-Bra-Design-Template,unknown_garment,back_panel,back,inside,padded_sports_bra_design_template__back_side_inside__shape_01,Padded-Sports-Bra-Design-Template(1).zip,Back side inside.png,4724,4724,808,756,3107,2388,0.1905165114309907,72,True,medium,False,False,guide_previews/padded_sports_bra_design_template__back_side_inside__shape_01_guide_preview.jpg
padded_sports_bra_design_template,Padded-Sports-Bra-Design-Template,unknown_garment,back_panel,back,outside,padded_sports_bra_design_template__back_side_outside__shape_01,Padded-Sports-Bra-Design-Template(1).zip,Back side outside.png,4724,4724,808,761,3107,2383,0.1905165114309907,72,True,medium,False,False,guide_previews/padded_sports_bra_design_template__back_side_outside__shape_01_guide_preview.jpg
padded_sports_bra_design_template,Padded-Sports-Bra-Design-Template,unknown_garment,back_panel,back,outside,padded_sports_bra_design_template__back_side_outside__shape_02,Padded-Sports-Bra-Design-Template(1).zip,Back side outside.png,4724,4724,955,3244,2813,682,0.1905165114309907,10,False,medium,False,False,guide_previews/padded_sports_bra_design_template__back_side_outside__shape_02_guide_preview.jpg
padded_sports_bra_design_template,Padded-Sports-Bra-Design-Template,unknown_garment,front_panel,front,inside,padded_sports_bra_design_template__front_side_inside__shape_01,Padded-Sports-Bra-Design-Template(1).zip,Front side inside.png,4724,4724,814,803,3097,2341,0.1905165114309907,90,True,medium,False,False,guide_previews/padded_sports_bra_design_template__front_side_inside__shape_01_guide_preview.jpg
padded_sports_bra_design_template,Padded-Sports-Bra-Design-Template,unknown_garment,front_panel,front,outside,padded_sports_bra_design_template__front_side_outside__shape_01,Padded-Sports-Bra-Design-Template(1).zip,Front side outside.png,4724,4724,814,798,3102,2346,0.1905165114309907,90,True,medium,False,False,guide_previews/padded_sports_bra_design_template__front_side_outside__shape_01_guide_preview.jpg
padded_sports_bra_design_template,Padded-Sports-Bra-Design-Template,unknown_garment,front_panel,front,outside,padded_sports_bra_design_template__front_side_outside__shape_02,Padded-Sports-Bra-Design-Template(1).zip,Front side outside.png,4724,4724,955,3244,2813,682,0.1905165114309907,90,True,medium,False,False,guide_previews/padded_sports_bra_design_template__front_side_outside__shape_02_guide_preview.jpg
padded_sports_bra_design_template,Padded-Sports-Bra-Design-Template,unknown_garment,inside_label,inside,inside,padded_sports_bra_design_template__inside_label__shape_01,Padded-Sports-Bra-Design-Template(1).zip,Inside label.png,502,502,17,101,467,299,1.0,5,False,high,False,False,guide_previews/padded_sports_bra_design_template__inside_label__shape_01_guide_preview.jpg
padded_sports_bra_design_template,Padded-Sports-Bra-Design-Template,unknown_garment,inside_label,inside,inside,padded_sports_bra_design_template__inside_label__shape_02,Padded-Sports-Bra-Design-Template(1).zip,Inside label.png,502,502,188,329,36,23,1.0,5,False,high,False,False,guide_previews/padded_sports_bra_design_template__inside_label__shape_02_guide_preview.jpg
padded_sports_bra_design_template,Padded-Sports-Bra-Design-Template,unknown_garment,inside_label,inside,inside,padded_sports_bra_design_template__inside_label__shape_03,Padded-Sports-Bra-Design-Template(1).zip,Inside label.png,502,502,367,329,36,23,1.0,5,False,high,False,False,guide_previews/padded_sports_bra_design_template__inside_label__shape_03_guide_preview.jpg
padded_sports_bra_design_template,Padded-Sports-Bra-Design-Template,unknown_garment,inside_label,inside,inside,padded_sports_bra_design_template__inside_label__shape_04,Padded-Sports-Bra-Design-Template(1).zip,Inside label.png,502,502,111,141,43,17,1.0,5,False,high,False,False,guide_previews/padded_sports_bra_design_template__inside_label__shape_04_guide_preview.jpg
padded_sports_bra_design_template,Padded-Sports-Bra-Design-Template,unknown_garment,inside_label,inside,inside,padded_sports_bra_design_template__inside_label__shape_05,Padded-Sports-Bra-Design-Template(1).zip,Inside label.png,502,502,198,228,38,19,1.0,5,False,high,False,False,guide_previews/padded_sports_bra_design_template__inside_label__shape_05_guide_preview.jpg
padded_sports_bra_design_template,Padded-Sports-Bra-Design-Template,unknown_garment,inside_label,inside,inside,padded_sports_bra_design_template__inside_label__shape_06,Padded-Sports-Bra-Design-Template(1).zip,Inside label.png,502,502,99,323,24,29,1.0,5,False,high,False,False,guide_previews/padded_sports_bra_design_template__inside_label__shape_06_guide_preview.jpg
padded_sports_bra_design_template,Padded-Sports-Bra-Design-Template,unknown_garment,inside_label,inside,inside,padded_sports_bra_design_template__inside_label__shape_07,Padded-Sports-Bra-Design-Template(1).zip,Inside label.png,502,502,278,323,24,29,1.0,5,False,high,False,False,guide_previews/padded_sports_bra_design_template__inside_label__shape_07_guide_preview.jpg
padded_sports_bra_design_template,Padded-Sports-Bra-Design-Template,unknown_garment,inside_label,inside,inside,padded_sports_bra_design_template__inside_label__shape_08,Padded-Sports-Bra-Design-Template(1).zip,Inside label.png,502,502,137,323,24,29,1.0,5,False,high,False,False,guide_previews/padded_sports_bra_design_template__inside_label__shape_08_guide_preview.jpg
padded_sports_bra_design_template,Padded-Sports-Bra-Design-Template,unknown_garment,inside_label,inside,inside,padded_sports_bra_design_template__inside_label__shape_09,Padded-Sports-Bra-Design-Template(1).zip,Inside label.png,502,502,317,323,24,29,1.0,5,False,high,False,False,guide_previews/padded_sports_bra_design_template__inside_label__shape_09_guide_preview.jpg
padded_sports_bra_design_template,Padded-Sports-Bra-Design-Template,unknown_garment,inside_label,inside,inside,padded_sports_bra_design_template__inside_label__shape_10,Padded-Sports-Bra-Design-Template(1).zip,Inside label.png,502,502,140,280,23,29,1.0,5,False,high,False,False,guide_previews/padded_sports_bra_design_template__inside_label__shape_10_guide_preview.jpg
padded_sports_bra_design_template,Padded-Sports-Bra-Design-Template,unknown_garment,inside_label,inside,inside,padded_sports_bra_design_template__inside_label__shape_11,Padded-Sports-Bra-Design-Template(1).zip,Inside label.png,502,502,178,280,23,29,1.0,5,False,high,False,False,guide_previews/padded_sports_bra_design_template__inside_label__shape_11_guide_preview.jpg
padded_sports_bra_design_template,Padded-Sports-Bra-Design-Template,unknown_garment,inside_label,inside,inside,padded_sports_bra_design_template__inside_label__shape_12,Padded-Sports-Bra-Design-Template(1).zip,Inside label.png,502,502,278,280,23,29,1.0,5,False,high,False,False,guide_previews/padded_sports_bra_design_template__inside_label__shape_12_guide_preview.jpg
padded_sports_bra_design_template,Padded-Sports-Bra-Design-Template,unknown_garment,inside_label,inside,inside,padded_sports_bra_design_template__inside_label__shape_13,Padded-Sports-Bra-Design-Template(1).zip,Inside label.png,502,502,316,280,23,29,1.0,5,False,high,False,False,guide_previews/padded_sports_bra_design_template__inside_label__shape_13_guide_preview.jpg
padded_sports_bra_design_template,Padded-Sports-Bra-Design-Template,unknown_garment,inside_label,inside,inside,padded_sports_bra_design_template__inside_label__shape_14,Padded-Sports-Bra-Design-Template(1).zip,Inside label.png,502,502,239,286,24,23,1.0,5,False,high,False,False,guide_previews/padded_sports_bra_design_template__inside_label__shape_14_guide_preview.jpg
padded_sports_bra_design_template,Padded-Sports-Bra-Design-Template,unknown_garment,inside_label,inside,inside,padded_sports_bra_design_template__inside_label__shape_15,Padded-Sports-Bra-Design-Template(1).zip,Inside label.png,502,502,239,329,24,23,1.0,5,False,high,False,False,guide_previews/padded_sports_bra_design_template__inside_label__shape_15_guide_preview.jpg
padded_sports_bra_design_template,Padded-Sports-Bra-Design-Template,unknown_garment,inside_label,inside,inside,padded_sports_bra_design_template__inside_label__shape_16,Padded-Sports-Bra-Design-Template(1).zip,Inside label.png,502,502,60,197,29,19,1.0,5,False,high,False,False,guide_previews/padded_sports_bra_design_template__inside_label__shape_16_guide_preview.jpg
padded_sports_bra_design_template,Padded-Sports-Bra-Design-Template,unknown_garment,inside_label,inside,inside,padded_sports_bra_design_template__inside_label__shape_17,Padded-Sports-Bra-Design-Template(1).zip,Inside label.png,502,502,163,329,22,23,1.0,5,False,high,False,False,guide_previews/padded_sports_bra_design_template__inside_label__shape_17_guide_preview.jpg
padded_sports_bra_design_template,Padded-Sports-Bra-Design-Template,unknown_garment,inside_label,inside,inside,padded_sports_bra_design_template__inside_label__shape_18,Padded-Sports-Bra-Design-Template(1).zip,Inside label.png,502,502,343,329,22,23,1.0,5,False,high,False,False,guide_previews/padded_sports_bra_design_template__inside_label__shape_18_guide_preview.jpg
padded_sports_bra_design_template,Padded-Sports-Bra-Design-Template,unknown_garment,inside_label,inside,inside,padded_sports_bra_design_template__inside_label__shape_19,Padded-Sports-Bra-Design-Template(1).zip,Inside label.png,502,502,221,197,21,19,1.0,5,False,high,False,False,guide_previews/padded_sports_bra_design_template__inside_label__shape_19_guide_preview.jpg
padded_sports_bra_design_template,Padded-Sports-Bra-Design-Template,unknown_garment,inside_label,inside,inside,padded_sports_bra_design_template__inside_label__shape_20,Padded-Sports-Bra-Design-Template(1).zip,Inside label.png,502,502,263,228,21,19,1.0,5,False,high,False,False,guide_previews/padded_sports_bra_design_template__inside_label__shape_20_guide_preview.jpg
padded_sports_bra_design_template,Padded-Sports-Bra-Design-Template,unknown_garment,inside_label,inside,inside,padded_sports_bra_design_template__inside_label__shape_21,Padded-Sports-Bra-Design-Template(1).zip,Inside label.png,502,502,112,197,20,19,1.0,5,False,high,False,False,guide_previews/padded_sports_bra_design_template__inside_label__shape_21_guide_preview.jpg
padded_sports_bra_design_template,Padded-Sports-Bra-Design-Template,unknown_garment,inside_label,inside,inside,padded_sports_bra_design_template__inside_label__shape_22,Padded-Sports-Bra-Design-Template(1).zip,Inside label.png,502,502,89,197,20,19,1.0,5,False,high,False,False,guide_previews/padded_sports_bra_design_template__inside_label__shape_22_guide_preview.jpg
padded_sports_bra_design_template,Padded-Sports-Bra-Design-Template,unknown_garment,inside_label,inside,inside,padded_sports_bra_design_template__inside_label__shape_23,Padded-Sports-Bra-Design-Template(1).zip,Inside label.png,502,502,284,228,20,19,1.0,5,False,high,False,False,guide_previews/padded_sports_bra_design_template__inside_label__shape_23_guide_preview.jpg
raglan_hoodie_solid_design_template,Raglan-Hoodie-Solid-Design-Template,raglan_hoodie,hood,unknown,component_1,raglan_hoodie_solid_design_template__hoods__shape_01,Raglan-Hoodie-Solid-Design-Template (1)(2).zip,Hoods.png,5551,5551,506,1419,2196,2597,0.16213294901819492,45,False,medium_high,False,False,guide_previews/raglan_hoodie_solid_design_template__hoods__shape_01_guide_preview.jpg
raglan_hoodie_solid_design_template,Raglan-Hoodie-Solid-Design-Template,raglan_hoodie,hood,unknown,component_2,raglan_hoodie_solid_design_template__hoods__shape_02,Raglan-Hoodie-Solid-Design-Template (1)(2).zip,Hoods.png,5551,5551,2850,1431,2196,2584,0.16213294901819492,45,False,medium_high,False,False,guide_previews/raglan_hoodie_solid_design_template__hoods__shape_02_guide_preview.jpg
raglan_hoodie_solid_design_template,Raglan-Hoodie-Solid-Design-Template,raglan_hoodie,pocket,unknown,main,raglan_hoodie_solid_design_template__pocket__shape_01,Raglan-Hoodie-Solid-Design-Template (1)(2).zip,Pocket.png,5551,5551,1049,1918,3454,1696,0.16213294901819492,18,False,medium_high,True,True,guide_previews/raglan_hoodie_solid_design_template__pocket__shape_01_guide_preview.jpg
raglan_hoodie_solid_design_template,Raglan-Hoodie-Solid-Design-Template,raglan_hoodie,sleeve,unknown,component_1,raglan_hoodie_solid_design_template__sleeves__shape_01,Raglan-Hoodie-Solid-Design-Template (1)(2).zip,Sleeves.png,8268,8268,4217,1360,3638,5549,0.10885341074020319,10,False,medium_high,False,False,guide_previews/raglan_hoodie_solid_design_template__sleeves__shape_01_guide_preview.jpg
raglan_hoodie_solid_design_template,Raglan-Hoodie-Solid-Design-Template,raglan_hoodie,sleeve,unknown,component_2,raglan_hoodie_solid_design_template__sleeves__shape_02,Raglan-Hoodie-Solid-Design-Template (1)(2).zip,Sleeves.png,8268,8268,413,1360,3638,4382,0.10885341074020319,10,False,medium_high,False,False,guide_previews/raglan_hoodie_solid_design_template__sleeves__shape_02_guide_preview.jpg
raglan_hoodie_solid_design_template,Raglan-Hoodie-Solid-Design-Template,raglan_hoodie,sleeve,unknown,component_3,raglan_hoodie_solid_design_template__sleeves__shape_03,Raglan-Hoodie-Solid-Design-Template (1)(2).zip,Sleeves.png,8268,8268,6036,1433,1764,2049,0.10885341074020319,10,False,medium_high,False,False,guide_previews/raglan_hoodie_solid_design_template__sleeves__shape_03_guide_preview.jpg
raglan_hoodie_solid_design_template,Raglan-Hoodie-Solid-Design-Template,raglan_hoodie,sleeve,unknown,component_4,raglan_hoodie_solid_design_template__sleeves__shape_04,Raglan-Hoodie-Solid-Design-Template (1)(2).zip,Sleeves.png,8268,8268,992,5898,2480,1011,0.10885341074020319,10,False,medium_high,False,False,guide_previews/raglan_hoodie_solid_design_template__sleeves__shape_04_guide_preview.jpg
raglan_hoodie_solid_design_template,Raglan-Hoodie-Solid-Design-Template,raglan_hoodie,sleeve,unknown,component_5,raglan_hoodie_solid_design_template__sleeves__shape_05,Raglan-Hoodie-Solid-Design-Template (1)(2).zip,Sleeves.png,8268,8268,2655,1837,1341,1654,0.10885341074020319,10,False,medium_high,False,False,guide_previews/raglan_hoodie_solid_design_template__sleeves__shape_05_guide_preview.jpg
raglan_hoodie_solid_design_template,Raglan-Hoodie-Solid-Design-Template,raglan_hoodie,hood,unknown,component_1,raglan_hoodie_solid_design_template__hoods__shape_01,Raglan-Hoodie-Solid-Design-Template(3).zip,Hoods.png,5551,5551,506,1419,2196,2597,0.16213294901819492,45,False,medium_high,False,False,guide_previews/raglan_hoodie_solid_design_template__hoods__shape_01_guide_preview.jpg
raglan_hoodie_solid_design_template,Raglan-Hoodie-Solid-Design-Template,raglan_hoodie,hood,unknown,component_2,raglan_hoodie_solid_design_template__hoods__shape_02,Raglan-Hoodie-Solid-Design-Template(3).zip,Hoods.png,5551,5551,2850,1431,2196,2584,0.16213294901819492,45,False,medium_high,False,False,guide_previews/raglan_hoodie_solid_design_template__hoods__shape_02_guide_preview.jpg
raglan_hoodie_solid_design_template,Raglan-Hoodie-Solid-Design-Template,raglan_hoodie,pocket,unknown,main,raglan_hoodie_solid_design_template__pocket__shape_01,Raglan-Hoodie-Solid-Design-Template(3).zip,Pocket.png,5551,5551,1049,1918,3454,1696,0.16213294901819492,18,False,medium_high,True,True,guide_previews/raglan_hoodie_solid_design_template__pocket__shape_01_guide_preview.jpg
raglan_hoodie_solid_design_template,Raglan-Hoodie-Solid-Design-Template,raglan_hoodie,sleeve,unknown,component_1,raglan_hoodie_solid_design_template__sleeves__shape_01,Raglan-Hoodie-Solid-Design-Template(3).zip,Sleeves.png,8268,8268,4217,1360,3638,5549,0.10885341074020319,10,False,medium_high,False,False,guide_previews/raglan_hoodie_solid_design_template__sleeves__shape_01_guide_preview.jpg
raglan_hoodie_solid_design_template,Raglan-Hoodie-Solid-Design-Template,raglan_hoodie,sleeve,unknown,component_2,raglan_hoodie_solid_design_template__sleeves__shape_02,Raglan-Hoodie-Solid-Design-Template(3).zip,Sleeves.png,8268,8268,413,1360,3638,4382,0.10885341074020319,10,False,medium_high,False,False,guide_previews/raglan_hoodie_solid_design_template__sleeves__shape_02_guide_preview.jpg
raglan_hoodie_solid_design_template,Raglan-Hoodie-Solid-Design-Template,raglan_hoodie,sleeve,unknown,component_3,raglan_hoodie_solid_design_template__sleeves__shape_03,Raglan-Hoodie-Solid-Design-Template(3).zip,Sleeves.png,8268,8268,6036,1433,1764,2049,0.10885341074020319,10,False,medium_high,False,False,guide_previews/raglan_hoodie_solid_design_template__sleeves__shape_03_guide_preview.jpg
raglan_hoodie_solid_design_template,Raglan-Hoodie-Solid-Design-Template,raglan_hoodie,sleeve,unknown,component_4,raglan_hoodie_solid_design_template__sleeves__shape_04,Raglan-Hoodie-Solid-Design-Template(3).zip,Sleeves.png,8268,8268,992,5898,2480,1011,0.10885341074020319,10,False,medium_high,False,False,guide_previews/raglan_hoodie_solid_design_template__sleeves__shape_04_guide_preview.jpg
raglan_hoodie_solid_design_template,Raglan-Hoodie-Solid-Design-Template,raglan_hoodie,sleeve,unknown,component_5,raglan_hoodie_solid_design_template__sleeves__shape_05,Raglan-Hoodie-Solid-Design-Template(3).zip,Sleeves.png,8268,8268,2655,1837,1341,1654,0.10885341074020319,10,False,medium_high,False,False,guide_previews/raglan_hoodie_solid_design_template__sleeves__shape_05_guide_preview.jpg
reversible_baseball_jersey_design_template,Reversible-Baseball-Jersey-Design-Template,baseball_jersey,back_panel,back,inside,reversible_baseball_jersey_design_template__inside_back_side__shape_01,Reversible-Baseball-Jersey-Design-Template (1)(2).zip,Inside back side.png,6791,6791,1124,340,4535,6021,0.1325283463407451,72,True,medium,False,False,guide_previews/reversible_baseball_jersey_design_template__inside_back_side__shape_01_guide_preview.jpg
reversible_baseball_jersey_design_template,Reversible-Baseball-Jersey-Design-Template,baseball_jersey,front_panel,front,inside,reversible_baseball_jersey_design_template__inside_front_side_combined__shape_01,Reversible-Baseball-Jersey-Design-Template (1)(2).zip,Inside front side Combined.png,6791,6791,1124,430,4535,5931,0.1325283463407451,90,True,medium,False,False,guide_previews/reversible_baseball_jersey_design_template__inside_front_side_combined__shape_01_guide_preview.jpg
reversible_baseball_jersey_design_template,Reversible-Baseball-Jersey-Design-Template,baseball_jersey,front_panel,front,inside,reversible_baseball_jersey_design_template__inside_front_side__shape_01,Reversible-Baseball-Jersey-Design-Template (1)(2).zip,Inside front side.png,6791,6791,830,430,2452,5931,0.1325283463407451,90,True,medium,False,False,guide_previews/reversible_baseball_jersey_design_template__inside_front_side__shape_01_guide_preview.jpg
reversible_baseball_jersey_design_template,Reversible-Baseball-Jersey-Design-Template,baseball_jersey,front_panel,front,inside,reversible_baseball_jersey_design_template__inside_front_side__shape_02,Reversible-Baseball-Jersey-Design-Template (1)(2).zip,Inside front side.png,6791,6791,3501,430,2452,5274,0.1325283463407451,10,False,medium,False,False,guide_previews/reversible_baseball_jersey_design_template__inside_front_side__shape_02_guide_preview.jpg
reversible_baseball_jersey_design_template,Reversible-Baseball-Jersey-Design-Template,baseball_jersey,front_panel,front,inside,reversible_baseball_jersey_design_template__inside_front_side__shape_03,Reversible-Baseball-Jersey-Design-Template (1)(2).zip,Inside front side.png,6791,6791,3501,5787,2430,573,0.1325283463407451,10,False,medium,False,False,guide_previews/reversible_baseball_jersey_design_template__inside_front_side__shape_03_guide_preview.jpg
reversible_baseball_jersey_design_template,Reversible-Baseball-Jersey-Design-Template,baseball_jersey,sleeve,inside,inside,reversible_baseball_jersey_design_template__inside_sleeves__shape_01,Reversible-Baseball-Jersey-Design-Template (1)(2).zip,Inside sleeves.png,5492,5492,635,561,4229,1959,0.1638747268754552,45,False,medium_high,False,False,guide_previews/reversible_baseball_jersey_design_template__inside_sleeves__shape_01_guide_preview.jpg
reversible_baseball_jersey_design_template,Reversible-Baseball-Jersey-Design-Template,baseball_jersey,sleeve,inside,inside,reversible_baseball_jersey_design_template__inside_sleeves__shape_02,Reversible-Baseball-Jersey-Design-Template (1)(2).zip,Inside sleeves.png,5492,5492,635,2905,4229,1953,0.1638747268754552,45,False,medium_high,False,False,guide_previews/reversible_baseball_jersey_design_template__inside_sleeves__shape_02_guide_preview.jpg
reversible_baseball_jersey_design_template,Reversible-Baseball-Jersey-Design-Template,baseball_jersey,back_panel,back,outside,reversible_baseball_jersey_design_template__outside_back_side__shape_01,Reversible-Baseball-Jersey-Design-Template (1)(2).zip,Outside back side.png,6791,6791,1124,340,4535,6021,0.1325283463407451,72,True,medium,False,False,guide_previews/reversible_baseball_jersey_design_template__outside_back_side__shape_01_guide_preview.jpg
reversible_baseball_jersey_design_template,Reversible-Baseball-Jersey-Design-Template,baseball_jersey,front_panel,front,outside,reversible_baseball_jersey_design_template__outside_front_side_combined__shape_01,Reversible-Baseball-Jersey-Design-Template (1)(2).zip,Outside front side Combined.png,6791,6791,1124,430,4535,5931,0.1325283463407451,90,True,medium,False,False,guide_previews/reversible_baseball_jersey_design_template__outside_front_side_combined__shape_01_guide_preview.jpg
reversible_baseball_jersey_design_template,Reversible-Baseball-Jersey-Design-Template,baseball_jersey,front_panel,front,outside,reversible_baseball_jersey_design_template__outside_front_side__shape_01,Reversible-Baseball-Jersey-Design-Template (1)(2).zip,Outside front side.png,6791,6791,830,430,2452,5931,0.1325283463407451,90,True,medium,False,False,guide_previews/reversible_baseball_jersey_design_template__outside_front_side__shape_01_guide_preview.jpg
reversible_baseball_jersey_design_template,Reversible-Baseball-Jersey-Design-Template,baseball_jersey,front_panel,front,outside,reversible_baseball_jersey_design_template__outside_front_side__shape_02,Reversible-Baseball-Jersey-Design-Template (1)(2).zip,Outside front side.png,6791,6791,3501,430,2452,5274,0.1325283463407451,10,False,medium,False,False,guide_previews/reversible_baseball_jersey_design_template__outside_front_side__shape_02_guide_preview.jpg
reversible_baseball_jersey_design_template,Reversible-Baseball-Jersey-Design-Template,baseball_jersey,front_panel,front,outside,reversible_baseball_jersey_design_template__outside_front_side__shape_03,Reversible-Baseball-Jersey-Design-Template (1)(2).zip,Outside front side.png,6791,6791,3501,5787,2430,573,0.1325283463407451,10,False,medium,False,False,guide_previews/reversible_baseball_jersey_design_template__outside_front_side__shape_03_guide_preview.jpg
reversible_baseball_jersey_design_template,Reversible-Baseball-Jersey-Design-Template,baseball_jersey,sleeve,outside,outside,reversible_baseball_jersey_design_template__outside_sleeves__shape_01,Reversible-Baseball-Jersey-Design-Template (1)(2).zip,Outside sleeves.png,5492,5492,635,561,4229,1959,0.1638747268754552,45,False,medium_high,False,False,guide_previews/reversible_baseball_jersey_design_template__outside_sleeves__shape_01_guide_preview.jpg
reversible_baseball_jersey_design_template,Reversible-Baseball-Jersey-Design-Template,baseball_jersey,sleeve,outside,outside,reversible_baseball_jersey_design_template__outside_sleeves__shape_02,Reversible-Baseball-Jersey-Design-Template (1)(2).zip,Outside sleeves.png,5492,5492,635,2905,4229,1953,0.1638747268754552,45,False,medium_high,False,False,guide_previews/reversible_baseball_jersey_design_template__outside_sleeves__shape_02_guide_preview.jpg
snug_hoodie_2_design_template,Snug-Hoodie-2-Design-Template,snug_hoodie,back_panel,back,component_1,snug_hoodie_2_design_template__back_side__shape_01,Snug-Hoodie-2-Design-Template (1)(3).zip,Back side.png,7087,7087,669,213,5748,5449,0.12699308593198816,10,False,medium,False,False,guide_previews/snug_hoodie_2_design_template__back_side__shape_01_guide_preview.jpg
snug_hoodie_2_design_template,Snug-Hoodie-2-Design-Template,snug_hoodie,back_panel,back,component_2,snug_hoodie_2_design_template__back_side__shape_02,Snug-Hoodie-2-Design-Template (1)(3).zip,Back side.png,7087,7087,685,5701,5717,1173,0.12699308593198816,10,False,medium,False,False,guide_previews/snug_hoodie_2_design_template__back_side__shape_02_guide_preview.jpg
snug_hoodie_2_design_template,Snug-Hoodie-2-Design-Template,snug_hoodie,back_panel,back,component_3,snug_hoodie_2_design_template__back_side__shape_03,Snug-Hoodie-2-Design-Template (1)(3).zip,Back side.png,7087,7087,717,2543,402,457,0.12699308593198816,10,False,medium,False,False,guide_previews/snug_hoodie_2_design_template__back_side__shape_03_guide_preview.jpg
snug_hoodie_2_design_template,Snug-Hoodie-2-Design-Template,snug_hoodie,back_panel,back,component_4,snug_hoodie_2_design_template__back_side__shape_04,Snug-Hoodie-2-Design-Template (1)(3).zip,Back side.png,7087,7087,5945,2496,386,425,0.12699308593198816,10,False,medium,False,False,guide_previews/snug_hoodie_2_design_template__back_side__shape_04_guide_preview.jpg
snug_hoodie_2_design_template,Snug-Hoodie-2-Design-Template,snug_hoodie,front_panel,front,component_1,snug_hoodie_2_design_template__front_side__shape_01,Snug-Hoodie-2-Design-Template (1)(3).zip,Front side.png,7087,7087,669,496,5748,5166,0.12699308593198816,10,False,medium,False,False,guide_previews/snug_hoodie_2_design_template__front_side__shape_01_guide_preview.jpg
snug_hoodie_2_design_template,Snug-Hoodie-2-Design-Template,snug_hoodie,front_panel,front,component_2,snug_hoodie_2_design_template__front_side__shape_02,Snug-Hoodie-2-Design-Template (1)(3).zip,Front side.png,7087,7087,685,5701,5709,1173,0.12699308593198816,10,False,medium,False,False,guide_previews/snug_hoodie_2_design_template__front_side__shape_02_guide_preview.jpg
snug_hoodie_2_design_template,Snug-Hoodie-2-Design-Template,snug_hoodie,front_panel,front,component_3,snug_hoodie_2_design_template__front_side__shape_03,Snug-Hoodie-2-Design-Template (1)(3).zip,Front side.png,7087,7087,2803,654,591,630,0.12699308593198816,10,False,medium,False,False,guide_previews/snug_hoodie_2_design_template__front_side__shape_03_guide_preview.jpg
snug_hoodie_2_design_template,Snug-Hoodie-2-Design-Template,snug_hoodie,front_panel,front,component_4,snug_hoodie_2_design_template__front_side__shape_04,Snug-Hoodie-2-Design-Template (1)(3).zip,Front side.png,7087,7087,5205,866,685,417,0.12699308593198816,10,False,medium,False,False,guide_previews/snug_hoodie_2_design_template__front_side__shape_04_guide_preview.jpg
snug_hoodie_2_design_template,Snug-Hoodie-2-Design-Template,snug_hoodie,front_panel,front,component_5,snug_hoodie_2_design_template__front_side__shape_05,Snug-Hoodie-2-Design-Template (1)(3).zip,Front side.png,7087,7087,3851,858,370,378,0.12699308593198816,10,False,medium,False,False,guide_previews/snug_hoodie_2_design_template__front_side__shape_05_guide_preview.jpg
snug_hoodie_2_design_template,Snug-Hoodie-2-Design-Template,snug_hoodie,hood,unknown,component_1,snug_hoodie_2_design_template__hood__shape_01,Snug-Hoodie-2-Design-Template (1)(3).zip,Hood.png,5906,5906,3065,1483,2435,2822,0.15238740264138165,45,False,medium_high,False,False,guide_previews/snug_hoodie_2_design_template__hood__shape_01_guide_preview.jpg
snug_hoodie_2_design_template,Snug-Hoodie-2-Design-Template,snug_hoodie,hood,unknown,component_2,snug_hoodie_2_design_template__hood__shape_02,Snug-Hoodie-2-Design-Template (1)(3).zip,Hood.png,5906,5906,407,1483,2435,2822,0.15238740264138165,45,False,medium_high,False,False,guide_previews/snug_hoodie_2_design_template__hood__shape_02_guide_preview.jpg
snug_hoodie_2_design_template,Snug-Hoodie-2-Design-Template,snug_hoodie,inside_label,inside,inside,snug_hoodie_2_design_template__inside_label__shape_01,Snug-Hoodie-2-Design-Template (1)(3).zip,Inside label.png,500,328,16,14,467,299,1.0,5,False,high,False,False,guide_previews/snug_hoodie_2_design_template__inside_label__shape_01_guide_preview.jpg
snug_hoodie_2_design_template,Snug-Hoodie-2-Design-Template,snug_hoodie,inside_label,inside,inside,snug_hoodie_2_design_template__inside_label__shape_02,Snug-Hoodie-2-Design-Template (1)(3).zip,Inside label.png,500,328,189,232,31,20,1.0,5,False,high,False,False,guide_previews/snug_hoodie_2_design_template__inside_label__shape_02_guide_preview.jpg
snug_hoodie_2_design_template,Snug-Hoodie-2-Design-Template,snug_hoodie,inside_label,inside,inside,snug_hoodie_2_design_template__inside_label__shape_03,Snug-Hoodie-2-Design-Template (1)(3).zip,Inside label.png,500,328,346,232,31,20,1.0,5,False,high,False,False,guide_previews/snug_hoodie_2_design_template__inside_label__shape_03_guide_preview.jpg
snug_hoodie_2_design_template,Snug-Hoodie-2-Design-Template,snug_hoodie,inside_label,inside,inside,snug_hoodie_2_design_template__inside_label__shape_04,Snug-Hoodie-2-Design-Template (1)(3).zip,Inside label.png,500,328,120,68,38,15,1.0,5,False,high,False,False,guide_previews/snug_hoodie_2_design_template__inside_label__shape_04_guide_preview.jpg
snug_hoodie_2_design_template,Snug-Hoodie-2-Design-Template,snug_hoodie,inside_label,inside,inside,snug_hoodie_2_design_template__inside_label__shape_05,Snug-Hoodie-2-Design-Template (1)(3).zip,Inside label.png,500,328,110,226,21,26,1.0,5,False,high,False,False,guide_previews/snug_hoodie_2_design_template__inside_label__shape_05_guide_preview.jpg
snug_hoodie_2_design_template,Snug-Hoodie-2-Design-Template,snug_hoodie,inside_label,inside,inside,snug_hoodie_2_design_template__inside_label__shape_06,Snug-Hoodie-2-Design-Template (1)(3).zip,Inside label.png,500,328,144,226,21,26,1.0,5,False,high,False,False,guide_previews/snug_hoodie_2_design_template__inside_label__shape_06_guide_preview.jpg
snug_hoodie_2_design_template,Snug-Hoodie-2-Design-Template,snug_hoodie,inside_label,inside,inside,snug_hoodie_2_design_template__inside_label__shape_07,Snug-Hoodie-2-Design-Template (1)(3).zip,Inside label.png,500,328,268,226,21,26,1.0,5,False,high,False,False,guide_previews/snug_hoodie_2_design_template__inside_label__shape_07_guide_preview.jpg
snug_hoodie_2_design_template,Snug-Hoodie-2-Design-Template,snug_hoodie,inside_label,inside,inside,snug_hoodie_2_design_template__inside_label__shape_08,Snug-Hoodie-2-Design-Template (1)(3).zip,Inside label.png,500,328,301,226,21,26,1.0,5,False,high,False,False,guide_previews/snug_hoodie_2_design_template__inside_label__shape_08_guide_preview.jpg
snug_hoodie_2_design_template,Snug-Hoodie-2-Design-Template,snug_hoodie,inside_label,inside,inside,snug_hoodie_2_design_template__inside_label__shape_09,Snug-Hoodie-2-Design-Template (1)(3).zip,Inside label.png,500,328,268,188,21,26,1.0,5,False,high,False,False,guide_previews/snug_hoodie_2_design_template__inside_label__shape_09_guide_preview.jpg
snug_hoodie_2_design_template,Snug-Hoodie-2-Design-Template,snug_hoodie,inside_label,inside,inside,snug_hoodie_2_design_template__inside_label__shape_10,Snug-Hoodie-2-Design-Template (1)(3).zip,Inside label.png,500,328,301,188,21,26,1.0,5,False,high,False,False,guide_previews/snug_hoodie_2_design_template__inside_label__shape_10_guide_preview.jpg
snug_hoodie_2_design_template,Snug-Hoodie-2-Design-Template,snug_hoodie,inside_label,inside,inside,snug_hoodie_2_design_template__inside_label__shape_11,Snug-Hoodie-2-Design-Template (1)(3).zip,Inside label.png,500,328,147,188,20,26,1.0,5,False,high,False,False,guide_previews/snug_hoodie_2_design_template__inside_label__shape_11_guide_preview.jpg
snug_hoodie_2_design_template,Snug-Hoodie-2-Design-Template,snug_hoodie,inside_label,inside,inside,snug_hoodie_2_design_template__inside_label__shape_12,Snug-Hoodie-2-Design-Template (1)(3).zip,Inside label.png,500,328,180,188,20,26,1.0,5,False,high,False,False,guide_previews/snug_hoodie_2_design_template__inside_label__shape_12_guide_preview.jpg
snug_hoodie_2_design_template,Snug-Hoodie-2-Design-Template,snug_hoodie,inside_label,inside,inside,snug_hoodie_2_design_template__inside_label__shape_13,Snug-Hoodie-2-Design-Template (1)(3).zip,Inside label.png,500,328,233,194,21,20,1.0,5,False,high,False,False,guide_previews/snug_hoodie_2_design_template__inside_label__shape_13_guide_preview.jpg
snug_hoodie_2_design_template,Snug-Hoodie-2-Design-Template,snug_hoodie,inside_label,inside,inside,snug_hoodie_2_design_template__inside_label__shape_14,Snug-Hoodie-2-Design-Template (1)(3).zip,Inside label.png,500,328,233,232,21,20,1.0,5,False,high,False,False,guide_previews/snug_hoodie_2_design_template__inside_label__shape_14_guide_preview.jpg
snug_hoodie_2_design_template,Snug-Hoodie-2-Design-Template,snug_hoodie,inside_label,inside,inside,snug_hoodie_2_design_template__inside_label__shape_15,Snug-Hoodie-2-Design-Template (1)(3).zip,Inside label.png,500,328,167,232,19,20,1.0,5,False,high,False,False,guide_previews/snug_hoodie_2_design_template__inside_label__shape_15_guide_preview.jpg
snug_hoodie_2_design_template,Snug-Hoodie-2-Design-Template,snug_hoodie,inside_label,inside,inside,snug_hoodie_2_design_template__inside_label__shape_16,Snug-Hoodie-2-Design-Template (1)(3).zip,Inside label.png,500,328,324,232,19,20,1.0,5,False,high,False,False,guide_previews/snug_hoodie_2_design_template__inside_label__shape_16_guide_preview.jpg
snug_hoodie_2_design_template,Snug-Hoodie-2-Design-Template,snug_hoodie,inside_label,inside,inside,snug_hoodie_2_design_template__inside_label__shape_17,Snug-Hoodie-2-Design-Template (1)(3).zip,Inside label.png,500,328,319,117,18,17,1.0,5,False,high,False,False,guide_previews/snug_hoodie_2_design_template__inside_label__shape_17_guide_preview.jpg
snug_hoodie_2_design_template,Snug-Hoodie-2-Design-Template,snug_hoodie,inside_label,inside,inside,snug_hoodie_2_design_template__inside_label__shape_18,Snug-Hoodie-2-Design-Template (1)(3).zip,Inside label.png,500,328,243,144,18,17,1.0,5,False,high,False,False,guide_previews/snug_hoodie_2_design_template__inside_label__shape_18_guide_preview.jpg
snug_hoodie_2_design_template,Snug-Hoodie-2-Design-Template,snug_hoodie,inside_label,inside,inside,snug_hoodie_2_design_template__inside_label__shape_19,Snug-Hoodie-2-Design-Template (1)(3).zip,Inside label.png,500,328,300,117,18,17,1.0,5,False,high,False,False,guide_previews/snug_hoodie_2_design_template__inside_label__shape_19_guide_preview.jpg
snug_hoodie_2_design_template,Snug-Hoodie-2-Design-Template,snug_hoodie,inside_label,inside,inside,snug_hoodie_2_design_template__inside_label__shape_20,Snug-Hoodie-2-Design-Template (1)(3).zip,Inside label.png,500,328,225,144,18,17,1.0,5,False,high,False,False,guide_previews/snug_hoodie_2_design_template__inside_label__shape_20_guide_preview.jpg
snug_hoodie_2_design_template,Snug-Hoodie-2-Design-Template,snug_hoodie,inside_label,inside,inside,snug_hoodie_2_design_template__inside_label__shape_21,Snug-Hoodie-2-Design-Template (1)(3).zip,Inside label.png,500,328,181,117,17,17,1.0,5,False,high,False,False,guide_previews/snug_hoodie_2_design_template__inside_label__shape_21_guide_preview.jpg
snug_hoodie_2_design_template,Snug-Hoodie-2-Design-Template,snug_hoodie,inside_label,inside,inside,snug_hoodie_2_design_template__inside_label__shape_22,Snug-Hoodie-2-Design-Template (1)(3).zip,Inside label.png,500,328,125,117,16,17,1.0,5,False,high,False,False,guide_previews/snug_hoodie_2_design_template__inside_label__shape_22_guide_preview.jpg
snug_hoodie_2_design_template,Snug-Hoodie-2-Design-Template,snug_hoodie,inside_label,inside,inside,snug_hoodie_2_design_template__inside_label__shape_23,Snug-Hoodie-2-Design-Template (1)(3).zip,Inside label.png,500,328,222,117,16,17,1.0,5,False,high,False,False,guide_previews/snug_hoodie_2_design_template__inside_label__shape_23_guide_preview.jpg
snug_hoodie_2_design_template,Snug-Hoodie-2-Design-Template,snug_hoodie,inside_label,inside,inside,snug_hoodie_2_design_template__inside_label__shape_24,Snug-Hoodie-2-Design-Template (1)(3).zip,Inside label.png,500,328,339,117,16,17,1.0,5,False,high,False,False,guide_previews/snug_hoodie_2_design_template__inside_label__shape_24_guide_preview.jpg
snug_hoodie_2_design_template,Snug-Hoodie-2-Design-Template,snug_hoodie,inside_label,inside,inside,snug_hoodie_2_design_template__inside_label__shape_25,Snug-Hoodie-2-Design-Template (1)(3).zip,Inside label.png,500,328,257,117,16,17,1.0,5,False,high,False,False,guide_previews/snug_hoodie_2_design_template__inside_label__shape_25_guide_preview.jpg
snug_hoodie_2_design_template,Snug-Hoodie-2-Design-Template,snug_hoodie,inside_label,inside,inside,snug_hoodie_2_design_template__inside_label__shape_26,Snug-Hoodie-2-Design-Template (1)(3).zip,Inside label.png,500,328,248,262,16,17,1.0,5,False,high,False,False,guide_previews/snug_hoodie_2_design_template__inside_label__shape_26_guide_preview.jpg
snug_hoodie_2_design_template,Snug-Hoodie-2-Design-Template,snug_hoodie,inside_label,inside,inside,snug_hoodie_2_design_template__inside_label__shape_27,Snug-Hoodie-2-Design-Template (1)(3).zip,Inside label.png,500,328,283,117,15,17,1.0,5,False,high,False,False,guide_previews/snug_hoodie_2_design_template__inside_label__shape_27_guide_preview.jpg
snug_hoodie_2_design_template,Snug-Hoodie-2-Design-Template,snug_hoodie,inside_label,inside,inside,snug_hoodie_2_design_template__inside_label__shape_28,Snug-Hoodie-2-Design-Template (1)(3).zip,Inside label.png,500,328,108,117,15,17,1.0,5,False,high,False,False,guide_previews/snug_hoodie_2_design_template__inside_label__shape_28_guide_preview.jpg
snug_hoodie_2_design_template,Snug-Hoodie-2-Design-Template,snug_hoodie,inside_label,inside,inside,snug_hoodie_2_design_template__inside_label__shape_29,Snug-Hoodie-2-Design-Template (1)(3).zip,Inside label.png,500,328,240,117,15,17,1.0,5,False,high,False,False,guide_previews/snug_hoodie_2_design_template__inside_label__shape_29_guide_preview.jpg
snug_hoodie_2_design_template,Snug-Hoodie-2-Design-Template,snug_hoodie,inside_label,inside,inside,snug_hoodie_2_design_template__inside_label__shape_30,Snug-Hoodie-2-Design-Template (1)(3).zip,Inside label.png,500,328,281,266,15,17,1.0,5,False,high,False,False,guide_previews/snug_hoodie_2_design_template__inside_label__shape_30_guide_preview.jpg
snug_hoodie_2_design_template,Snug-Hoodie-2-Design-Template,snug_hoodie,kangaroo_pocket,unknown,main,snug_hoodie_2_design_template__kangaroo_pocket__shape_01,Snug-Hoodie-2-Design-Template (1)(3).zip,Kangaroo pocket.png,4429,4429,502,1171,3425,2072,0.20320614134116052,18,False,medium_high,True,True,guide_previews/snug_hoodie_2_design_template__kangaroo_pocket__shape_01_guide_preview.jpg
snug_hoodie_2_design_template,Snug-Hoodie-2-Design-Template,snug_hoodie,sleeve,unknown,component_1,snug_hoodie_2_design_template__sleeves__shape_01,Snug-Hoodie-2-Design-Template (1)(3).zip,Sleeves.png,9331,5906,4769,601,4365,4572,0.09645268459972135,45,False,medium_high,False,False,guide_previews/snug_hoodie_2_design_template__sleeves__shape_01_guide_preview.jpg
snug_hoodie_2_design_template,Snug-Hoodie-2-Design-Template,snug_hoodie,sleeve,unknown,component_2,snug_hoodie_2_design_template__sleeves__shape_02,Snug-Hoodie-2-Design-Template (1)(3).zip,Sleeves.png,9331,5906,187,612,4365,4562,0.09645268459972135,10,False,medium_high,False,False,guide_previews/snug_hoodie_2_design_template__sleeves__shape_02_guide_preview.jpg
snug_hoodie_2_design_template,Snug-Hoodie-2-Design-Template,snug_hoodie,sleeve,unknown,component_3,snug_hoodie_2_design_template__sleeves__shape_03,Snug-Hoodie-2-Design-Template (1)(3).zip,Sleeves.png,9331,5906,238,778,1991,4157,0.09645268459972135,10,False,medium_high,False,False,guide_previews/snug_hoodie_2_design_template__sleeves__shape_03_guide_preview.jpg
snug_hoodie_2_design_template,Snug-Hoodie-2-Design-Template,snug_hoodie,sleeve,unknown,component_4,snug_hoodie_2_design_template__sleeves__shape_04,Snug-Hoodie-2-Design-Template (1)(3).zip,Sleeves.png,9331,5906,7092,778,1991,4126,0.09645268459972135,10,False,medium_high,False,False,guide_previews/snug_hoodie_2_design_template__sleeves__shape_04_guide_preview.jpg
tshirt_dress_design_template,Tshirt-Dress-Design-Template,tshirt_dress,back_panel,back,component_1,tshirt_dress_design_template__tshirt_dress_back_side__shape_01,Tshirt-Dress-Design-Template(1).zip,tshirt_dress-back_side.png,5500,6500,939,419,3618,5929,0.13846153846153847,10,False,medium,False,False,guide_previews/tshirt_dress_design_template__tshirt_dress_back_side__shape_01_guide_preview.jpg
tshirt_dress_design_template,Tshirt-Dress-Design-Template,tshirt_dress,back_panel,back,component_2,tshirt_dress_design_template__tshirt_dress_back_side__shape_02,Tshirt-Dress-Design-Template(1).zip,tshirt_dress-back_side.png,5500,6500,1141,419,1603,3654,0.13846153846153847,10,False,medium,False,False,guide_previews/tshirt_dress_design_template__tshirt_dress_back_side__shape_02_guide_preview.jpg
tshirt_dress_design_template,Tshirt-Dress-Design-Template,tshirt_dress,front_panel,front,component_1,tshirt_dress_design_template__tshirt_dress_front_side__shape_01,Tshirt-Dress-Design-Template(1).zip,tshirt_dress-front_side.png,5500,6500,939,520,3618,5828,0.13846153846153847,10,False,medium,False,False,guide_previews/tshirt_dress_design_template__tshirt_dress_front_side__shape_01_guide_preview.jpg
tshirt_dress_design_template,Tshirt-Dress-Design-Template,tshirt_dress,front_panel,front,component_2,tshirt_dress_design_template__tshirt_dress_front_side__shape_02,Tshirt-Dress-Design-Template(1).zip,tshirt_dress-front_side.png,5500,6500,1141,520,1603,3553,0.13846153846153847,10,False,medium,False,False,guide_previews/tshirt_dress_design_template__tshirt_dress_front_side__shape_02_guide_preview.jpg
tshirt_dress_design_template,Tshirt-Dress-Design-Template,tshirt_dress,front_panel,front,component_3,tshirt_dress_design_template__tshirt_dress_front_side__shape_03,Tshirt-Dress-Design-Template(1).zip,tshirt_dress-front_side.png,5500,6500,1199,152,3156,311,0.13846153846153847,35,False,medium,False,False,guide_previews/tshirt_dress_design_template__tshirt_dress_front_side__shape_03_guide_preview.jpg
tshirt_dress_design_template,Tshirt-Dress-Design-Template,tshirt_dress,sleeve,unknown,component_1,tshirt_dress_design_template__tshirt_dress_sleeves__shape_01,Tshirt-Dress-Design-Template(1).zip,tshirt_dress-sleeves.png,3600,3600,500,312,2600,1360,0.25,45,False,medium_high,False,False,guide_previews/tshirt_dress_design_template__tshirt_dress_sleeves__shape_01_guide_preview.jpg
tshirt_dress_design_template,Tshirt-Dress-Design-Template,tshirt_dress,sleeve,unknown,component_2,tshirt_dress_design_template__tshirt_dress_sleeves__shape_02,Tshirt-Dress-Design-Template(1).zip,tshirt_dress-sleeves.png,3600,3600,500,1928,2600,1360,0.25,45,False,medium_high,False,False,guide_previews/tshirt_dress_design_template__tshirt_dress_sleeves__shape_02_guide_preview.jpg
women_long_sleeve_hooded_performance_shirt_design_template,Women-Long-Sleeve-Hooded-Performance-Shirt-Design-Template,hooded_performance_shirt,back_panel,back,component_1,women_long_sleeve_hooded_performance_shirt_design_template__back_side__shape_01,Women-Long-Sleeve-Hooded-Performance-Shirt-Design-Template(1).zip,Back side.png,3484,5079,102,277,3279,3019,0.1772002362669817,10,False,medium,False,False,guide_previews/women_long_sleeve_hooded_performance_shirt_design_template__back_side__shape_01_guide_preview.jpg
women_long_sleeve_hooded_performance_shirt_design_template,Women-Long-Sleeve-Hooded-Performance-Shirt-Design-Template,hooded_performance_shirt,back_panel,back,component_2,women_long_sleeve_hooded_performance_shirt_design_template__back_side__shape_02,Women-Long-Sleeve-Hooded-Performance-Shirt-Design-Template(1).zip,Back side.png,3484,5079,124,3301,3234,1507,0.1772002362669817,10,False,medium,False,False,guide_previews/women_long_sleeve_hooded_performance_shirt_design_template__back_side__shape_02_guide_preview.jpg
women_long_sleeve_hooded_performance_shirt_design_template,Women-Long-Sleeve-Hooded-Performance-Shirt-Design-Template,hooded_performance_shirt,front_panel,front,component_1,women_long_sleeve_hooded_performance_shirt_design_template__front_side__shape_01,Women-Long-Sleeve-Hooded-Performance-Shirt-Design-Template(1).zip,Front side.png,5197,4547,993,115,3280,3378,0.173176832788147,10,False,medium,False,False,guide_previews/women_long_sleeve_hooded_performance_shirt_design_template__front_side__shape_01_guide_preview.jpg
women_long_sleeve_hooded_performance_shirt_design_template,Women-Long-Sleeve-Hooded-Performance-Shirt-Design-Template,hooded_performance_shirt,front_panel,front,component_2,women_long_sleeve_hooded_performance_shirt_design_template__front_side__shape_02,Women-Long-Sleeve-Hooded-Performance-Shirt-Design-Template(1).zip,Front side.png,5197,4547,4377,1351,710,2893,0.173176832788147,10,False,medium,False,False,guide_previews/women_long_sleeve_hooded_performance_shirt_design_template__front_side__shape_02_guide_preview.jpg
women_long_sleeve_hooded_performance_shirt_design_template,Women-Long-Sleeve-Hooded-Performance-Shirt-Design-Template,hooded_performance_shirt,front_panel,front,component_3,women_long_sleeve_hooded_performance_shirt_design_template__front_side__shape_03,Women-Long-Sleeve-Hooded-Performance-Shirt-Design-Template(1).zip,Front side.png,5197,4547,104,1305,716,2142,0.173176832788147,10,False,medium,False,False,guide_previews/women_long_sleeve_hooded_performance_shirt_design_template__front_side__shape_03_guide_preview.jpg
women_long_sleeve_hooded_performance_shirt_design_template,Women-Long-Sleeve-Hooded-Performance-Shirt-Design-Template,hooded_performance_shirt,front_panel,front,component_4,women_long_sleeve_hooded_performance_shirt_design_template__front_side__shape_04,Women-Long-Sleeve-Hooded-Performance-Shirt-Design-Template(1).zip,Front side.png,5197,4547,104,3476,716,883,0.173176832788147,10,False,medium,False,False,guide_previews/women_long_sleeve_hooded_performance_shirt_design_template__front_side__shape_04_guide_preview.jpg
women_long_sleeve_hooded_performance_shirt_design_template,Women-Long-Sleeve-Hooded-Performance-Shirt-Design-Template,hooded_performance_shirt,front_panel,front,component_5,women_long_sleeve_hooded_performance_shirt_design_template__front_side__shape_05,Women-Long-Sleeve-Hooded-Performance-Shirt-Design-Template(1).zip,Front side.png,5197,4547,4377,3511,710,866,0.173176832788147,10,False,medium,False,False,guide_previews/women_long_sleeve_hooded_performance_shirt_design_template__front_side__shape_05_guide_preview.jpg
women_long_sleeve_hooded_performance_shirt_design_template,Women-Long-Sleeve-Hooded-Performance-Shirt-Design-Template,hooded_performance_shirt,front_panel,front,component_6,women_long_sleeve_hooded_performance_shirt_design_template__front_side__shape_06,Women-Long-Sleeve-Hooded-Performance-Shirt-Design-Template(1).zip,Front side.png,5197,4547,1022,4279,3222,156,0.173176832788147,10,False,medium,False,False,guide_previews/women_long_sleeve_hooded_performance_shirt_design_template__front_side__shape_06_guide_preview.jpg
women_long_sleeve_hooded_performance_shirt_design_template,Women-Long-Sleeve-Hooded-Performance-Shirt-Design-Template,hooded_performance_shirt,hood,unknown,component_1,women_long_sleeve_hooded_performance_shirt_design_template__hood__shape_01,Women-Long-Sleeve-Hooded-Performance-Shirt-Design-Template(1).zip,Hood.png,4429,3248,2293,335,1954,2515,0.20320614134116052,45,False,medium_high,False,False,guide_previews/women_long_sleeve_hooded_performance_shirt_design_template__hood__shape_01_guide_preview.jpg
women_long_sleeve_hooded_performance_shirt_design_template,Women-Long-Sleeve-Hooded-Performance-Shirt-Design-Template,hooded_performance_shirt,hood,unknown,component_2,women_long_sleeve_hooded_performance_shirt_design_template__hood__shape_02,Women-Long-Sleeve-Hooded-Performance-Shirt-Design-Template(1).zip,Hood.png,4429,3248,187,340,1949,2510,0.20320614134116052,45,False,medium_high,False,False,guide_previews/women_long_sleeve_hooded_performance_shirt_design_template__hood__shape_02_guide_preview.jpg
women_long_sleeve_hooded_performance_shirt_design_template,Women-Long-Sleeve-Hooded-Performance-Shirt-Design-Template,hooded_performance_shirt,sleeve,unknown,component_1,women_long_sleeve_hooded_performance_shirt_design_template__sleeves__shape_01,Women-Long-Sleeve-Hooded-Performance-Shirt-Design-Template(1).zip,Sleeves.png,6614,5374,345,96,2881,5049,0.1360749924402782,10,False,medium_high,False,False,guide_previews/women_long_sleeve_hooded_performance_shirt_design_template__sleeves__shape_01_guide_preview.jpg
women_long_sleeve_hooded_performance_shirt_design_template,Women-Long-Sleeve-Hooded-Performance-Shirt-Design-Template,hooded_performance_shirt,sleeve,unknown,component_2,women_long_sleeve_hooded_performance_shirt_design_template__sleeves__shape_02,Women-Long-Sleeve-Hooded-Performance-Shirt-Design-Template(1).zip,Sleeves.png,6614,5374,3388,96,2881,4248,0.1360749924402782,10,False,medium_high,False,False,guide_previews/women_long_sleeve_hooded_performance_shirt_design_template__sleeves__shape_02_guide_preview.jpg
women_long_sleeve_hooded_performance_shirt_design_template,Women-Long-Sleeve-Hooded-Performance-Shirt-Design-Template,hooded_performance_shirt,sleeve,unknown,component_3,women_long_sleeve_hooded_performance_shirt_design_template__sleeves__shape_03,Women-Long-Sleeve-Hooded-Performance-Shirt-Design-Template(1).zip,Sleeves.png,6614,5374,948,4255,1800,1029,0.1360749924402782,10,False,medium_high,False,False,guide_previews/women_long_sleeve_hooded_performance_shirt_design_template__sleeves__shape_03_guide_preview.jpg
women_long_sleeve_hooded_performance_shirt_design_template,Women-Long-Sleeve-Hooded-Performance-Shirt-Design-Template,hooded_performance_shirt,sleeve,unknown,component_4,women_long_sleeve_hooded_performance_shirt_design_template__sleeves__shape_04,Women-Long-Sleeve-Hooded-Performance-Shirt-Design-Template(1).zip,Sleeves.png,6614,5374,3990,4373,1793,911,0.1360749924402782,10,False,medium_high,False,False,guide_previews/women_long_sleeve_hooded_performance_shirt_design_template__sleeves__shape_04_guide_preview.jpg
women_long_sleeve_hooded_performance_shirt_design_template,Women-Long-Sleeve-Hooded-Performance-Shirt-Design-Template,hooded_performance_shirt,sleeve,unknown,component_5,women_long_sleeve_hooded_performance_shirt_design_template__sleeves__shape_05,Women-Long-Sleeve-Hooded-Performance-Shirt-Design-Template(1).zip,Sleeves.png,6614,5374,3866,4365,169,779,0.1360749924402782,10,False,medium_high,False,False,guide_previews/women_long_sleeve_hooded_performance_shirt_design_template__sleeves__shape_05_guide_preview.jpg
zipper_cloak_design_template,Zipper-Cloak-Design-Template,cloak,back_panel,back,component_1,zipper_cloak_design_template__back_side__shape_01,Zipper-Cloak-Design-Template (1)(1).zip,Back side.png,5256,7972,230,124,4783,7263,0.11289513296537883,10,False,medium,False,False,guide_previews/zipper_cloak_design_template__back_side__shape_01_guide_preview.jpg
zipper_cloak_design_template,Zipper-Cloak-Design-Template,cloak,back_panel,back,component_2,zipper_cloak_design_template__back_side__shape_02,Zipper-Cloak-Design-Template (1)(1).zip,Back side.png,5256,7972,230,5607,4792,1975,0.11289513296537883,10,False,medium,False,False,guide_previews/zipper_cloak_design_template__back_side__shape_02_guide_preview.jpg
zipper_cloak_design_template,Zipper-Cloak-Design-Template,cloak,back_panel,back,component_3,zipper_cloak_design_template__back_side__shape_03,Zipper-Cloak-Design-Template (1)(1).zip,Back side.png,5256,7972,363,1612,700,974,0.11289513296537883,10,False,medium,False,False,guide_previews/zipper_cloak_design_template__back_side__shape_03_guide_preview.jpg
zipper_cloak_design_template,Zipper-Cloak-Design-Template,cloak,back_panel,back,component_4,zipper_cloak_design_template__back_side__shape_04,Zipper-Cloak-Design-Template (1)(1).zip,Back side.png,5256,7972,4207,1727,638,833,0.11289513296537883,10,False,medium,False,False,guide_previews/zipper_cloak_design_template__back_side__shape_04_guide_preview.jpg
zipper_cloak_design_template,Zipper-Cloak-Design-Template,cloak,facing,unknown,component_1,zipper_cloak_design_template__facing__shape_01,Zipper-Cloak-Design-Template (1)(1).zip,Facing.png,5256,7972,1922,753,611,6953,0.11289513296537883,5,False,high,False,False,guide_previews/zipper_cloak_design_template__facing__shape_01_guide_preview.jpg
zipper_cloak_design_template,Zipper-Cloak-Design-Template,cloak,facing,unknown,component_2,zipper_cloak_design_template__facing__shape_02,Zipper-Cloak-Design-Template (1)(1).zip,Facing.png,5256,7972,2719,753,611,4836,0.11289513296537883,5,False,high,False,False,guide_previews/zipper_cloak_design_template__facing__shape_02_guide_preview.jpg
zipper_cloak_design_template,Zipper-Cloak-Design-Template,cloak,facing,unknown,component_3,zipper_cloak_design_template__facing__shape_03,Zipper-Cloak-Design-Template (1)(1).zip,Facing.png,5256,7972,2719,5589,514,2117,0.11289513296537883,5,False,high,False,False,guide_previews/zipper_cloak_design_template__facing__shape_03_guide_preview.jpg
zipper_cloak_design_template,Zipper-Cloak-Design-Template,cloak,front_panel,front,component_1,zipper_cloak_design_template__front_side__shape_01,Zipper-Cloak-Design-Template (1)(1).zip,Front side.png,5256,7972,115,106,2418,7759,0.11289513296537883,10,False,medium,False,False,guide_previews/zipper_cloak_design_template__front_side__shape_01_guide_preview.jpg
zipper_cloak_design_template,Zipper-Cloak-Design-Template,cloak,front_panel,front,component_2,zipper_cloak_design_template__front_side__shape_02,Zipper-Cloak-Design-Template (1)(1).zip,Front side.png,5256,7972,2719,106,2400,5412,0.11289513296537883,10,False,medium,False,False,guide_previews/zipper_cloak_design_template__front_side__shape_02_guide_preview.jpg
zipper_cloak_design_template,Zipper-Cloak-Design-Template,cloak,front_panel,front,component_3,zipper_cloak_design_template__front_side__shape_03,Zipper-Cloak-Design-Template (1)(1).zip,Front side.png,5256,7972,2719,5589,2418,2276,0.11289513296537883,10,False,medium,False,False,guide_previews/zipper_cloak_design_template__front_side__shape_03_guide_preview.jpg
zipper_cloak_design_template,Zipper-Cloak-Design-Template,cloak,front_panel,front,component_4,zipper_cloak_design_template__front_side__shape_04,Zipper-Cloak-Design-Template (1)(1).zip,Front side.png,5256,7972,186,1842,717,806,0.11289513296537883,10,False,medium,False,False,guide_previews/zipper_cloak_design_template__front_side__shape_04_guide_preview.jpg
zipper_cloak_design_template,Zipper-Cloak-Design-Template,cloak,front_panel,front,component_5,zipper_cloak_design_template__front_side__shape_05,Zipper-Cloak-Design-Template (1)(1).zip,Front side.png,5256,7972,4385,1922,682,726,0.11289513296537883,10,False,medium,False,False,guide_previews/zipper_cloak_design_template__front_side__shape_05_guide_preview.jpg
zipper_cloak_design_template,Zipper-Cloak-Design-Template,cloak,hood,unknown,component_1,zipper_cloak_design_template__hood__shape_01,Zipper-Cloak-Design-Template (1)(1).zip,Hood.png,5551,3898,179,315,2510,3263,0.16213294901819492,45,False,medium_high,False,False,guide_previews/zipper_cloak_design_template__hood__shape_01_guide_preview.jpg
zipper_cloak_design_template,Zipper-Cloak-Design-Template,cloak,hood,unknown,component_2,zipper_cloak_design_template__hood__shape_02,Zipper-Cloak-Design-Template (1)(1).zip,Hood.png,5551,3898,2868,315,2504,3263,0.16213294901819492,45,False,medium_high,False,False,guide_previews/zipper_cloak_design_template__hood__shape_02_guide_preview.jpg
zipper_cloak_design_template,Zipper-Cloak-Design-Template,cloak,inside_label,inside,inside,zipper_cloak_design_template__inside_label__shape_01,Zipper-Cloak-Design-Template (1)(1).zip,Inside label.png,595,391,0,0,595,391,1.0,5,False,high,False,False,guide_previews/zipper_cloak_design_template__inside_label__shape_01_guide_preview.jpg
zipper_cloak_design_template,Zipper-Cloak-Design-Template,cloak,inside_label,inside,inside,zipper_cloak_design_template__inside_label__shape_02,Zipper-Cloak-Design-Template (1)(1).zip,Inside label.png,595,391,163,279,31,35,1.0,5,False,high,False,False,guide_previews/zipper_cloak_design_template__inside_label__shape_02_guide_preview.jpg
zipper_cloak_design_template,Zipper-Cloak-Design-Template,cloak,inside_label,inside,inside,zipper_cloak_design_template__inside_label__shape_03,Zipper-Cloak-Design-Template (1)(1).zip,Inside label.png,595,391,137,72,50,21,1.0,5,False,high,False,False,guide_previews/zipper_cloak_design_template__inside_label__shape_03_guide_preview.jpg
zipper_cloak_design_template,Zipper-Cloak-Design-Template,cloak,inside_label,inside,inside,zipper_cloak_design_template__inside_label__shape_04,Zipper-Cloak-Design-Template (1)(1).zip,Inside label.png,595,391,226,287,40,26,1.0,5,False,high,False,False,guide_previews/zipper_cloak_design_template__inside_label__shape_04_guide_preview.jpg
zipper_cloak_design_template,Zipper-Cloak-Design-Template,cloak,inside_label,inside,inside,zipper_cloak_design_template__inside_label__shape_05,Zipper-Cloak-Design-Template (1)(1).zip,Inside label.png,595,391,434,287,40,26,1.0,5,False,high,False,False,guide_previews/zipper_cloak_design_template__inside_label__shape_05_guide_preview.jpg
zipper_cloak_design_template,Zipper-Cloak-Design-Template,cloak,inside_label,inside,inside,zipper_cloak_design_template__inside_label__shape_06,Zipper-Cloak-Design-Template (1)(1).zip,Inside label.png,595,391,212,230,27,35,1.0,5,False,high,False,False,guide_previews/zipper_cloak_design_template__inside_label__shape_06_guide_preview.jpg
zipper_cloak_design_template,Zipper-Cloak-Design-Template,cloak,inside_label,inside,inside,zipper_cloak_design_template__inside_label__shape_07,Zipper-Cloak-Design-Template (1)(1).zip,Inside label.png,595,391,373,230,27,35,1.0,5,False,high,False,False,guide_previews/zipper_cloak_design_template__inside_label__shape_07_guide_preview.jpg
zipper_cloak_design_template,Zipper-Cloak-Design-Template,cloak,inside_label,inside,inside,zipper_cloak_design_template__inside_label__shape_08,Zipper-Cloak-Design-Template (1)(1).zip,Inside label.png,595,391,330,279,27,35,1.0,5,False,high,False,False,guide_previews/zipper_cloak_design_template__inside_label__shape_08_guide_preview.jpg
zipper_cloak_design_template,Zipper-Cloak-Design-Template,cloak,inside_label,inside,inside,zipper_cloak_design_template__inside_label__shape_09,Zipper-Cloak-Design-Template (1)(1).zip,Inside label.png,595,391,375,279,27,35,1.0,5,False,high,False,False,guide_previews/zipper_cloak_design_template__inside_label__shape_09_guide_preview.jpg
zipper_cloak_design_template,Zipper-Cloak-Design-Template,cloak,inside_label,inside,inside,zipper_cloak_design_template__inside_label__shape_10,Zipper-Cloak-Design-Template (1)(1).zip,Inside label.png,595,391,167,231,27,34,1.0,5,False,high,False,False,guide_previews/zipper_cloak_design_template__inside_label__shape_10_guide_preview.jpg
zipper_cloak_design_template,Zipper-Cloak-Design-Template,cloak,inside_label,inside,inside,zipper_cloak_design_template__inside_label__shape_11,Zipper-Cloak-Design-Template (1)(1).zip,Inside label.png,595,391,329,230,27,34,1.0,5,False,high,False,False,guide_previews/zipper_cloak_design_template__inside_label__shape_11_guide_preview.jpg
zipper_cloak_design_template,Zipper-Cloak-Design-Template,cloak,inside_label,inside,inside,zipper_cloak_design_template__inside_label__shape_12,Zipper-Cloak-Design-Template (1)(1).zip,Inside label.png,595,391,284,238,27,26,1.0,5,False,high,False,False,guide_previews/zipper_cloak_design_template__inside_label__shape_12_guide_preview.jpg
zipper_cloak_design_template,Zipper-Cloak-Design-Template,cloak,inside_label,inside,inside,zipper_cloak_design_template__inside_label__shape_13,Zipper-Cloak-Design-Template (1)(1).zip,Inside label.png,595,391,284,287,27,26,1.0,5,False,high,False,False,guide_previews/zipper_cloak_design_template__inside_label__shape_13_guide_preview.jpg
zipper_cloak_design_template,Zipper-Cloak-Design-Template,cloak,inside_label,inside,inside,zipper_cloak_design_template__inside_label__shape_14,Zipper-Cloak-Design-Template (1)(1).zip,Inside label.png,595,391,197,287,25,27,1.0,5,False,high,False,False,guide_previews/zipper_cloak_design_template__inside_label__shape_14_guide_preview.jpg
zipper_cloak_design_template,Zipper-Cloak-Design-Template,cloak,inside_label,inside,inside,zipper_cloak_design_template__inside_label__shape_15,Zipper-Cloak-Design-Template (1)(1).zip,Inside label.png,595,391,405,287,25,27,1.0,5,False,high,False,False,guide_previews/zipper_cloak_design_template__inside_label__shape_15_guide_preview.jpg
zipper_cloak_design_template,Zipper-Cloak-Design-Template,cloak,inside_label,inside,inside,zipper_cloak_design_template__inside_label__shape_16,Zipper-Cloak-Design-Template (1)(1).zip,Inside label.png,595,391,141,280,17,33,1.0,5,False,high,False,False,guide_previews/zipper_cloak_design_template__inside_label__shape_16_guide_preview.jpg
zipper_cloak_design_template,Zipper-Cloak-Design-Template,cloak,inside_label,inside,inside,zipper_cloak_design_template__inside_label__shape_17,Zipper-Cloak-Design-Template (1)(1).zip,Inside label.png,595,391,382,141,24,21,1.0,5,False,high,False,False,guide_previews/zipper_cloak_design_template__inside_label__shape_17_guide_preview.jpg
zipper_cloak_design_template,Zipper-Cloak-Design-Template,cloak,inside_label,inside,inside,zipper_cloak_design_template__inside_label__shape_18,Zipper-Cloak-Design-Template (1)(1).zip,Inside label.png,595,391,459,141,24,21,1.0,5,False,high,False,False,guide_previews/zipper_cloak_design_template__inside_label__shape_18_guide_preview.jpg
zipper_cloak_design_template,Zipper-Cloak-Design-Template,cloak,inside_label,inside,inside,zipper_cloak_design_template__inside_label__shape_19,Zipper-Cloak-Design-Template (1)(1).zip,Inside label.png,595,391,359,141,23,21,1.0,5,False,high,False,False,guide_previews/zipper_cloak_design_template__inside_label__shape_19_guide_preview.jpg
zipper_cloak_design_template,Zipper-Cloak-Design-Template,cloak,inside_label,inside,inside,zipper_cloak_design_template__inside_label__shape_20,Zipper-Cloak-Design-Template (1)(1).zip,Inside label.png,595,391,483,141,23,21,1.0,5,False,high,False,False,guide_previews/zipper_cloak_design_template__inside_label__shape_20_guide_preview.jpg
zipper_cloak_design_template,Zipper-Cloak-Design-Template,cloak,inside_label,inside,inside,zipper_cloak_design_template__inside_label__shape_21,Zipper-Cloak-Design-Template (1)(1).zip,Inside label.png,595,391,163,141,22,21,1.0,5,False,high,False,False,guide_previews/zipper_cloak_design_template__inside_label__shape_21_guide_preview.jpg
zipper_cloak_design_template,Zipper-Cloak-Design-Template,cloak,inside_label,inside,inside,zipper_cloak_design_template__inside_label__shape_22,Zipper-Cloak-Design-Template (1)(1).zip,Inside label.png,595,391,319,141,21,21,1.0,5,False,high,False,False,guide_previews/zipper_cloak_design_template__inside_label__shape_22_guide_preview.jpg
zipper_cloak_design_template,Zipper-Cloak-Design-Template,cloak,inside_label,inside,inside,zipper_cloak_design_template__inside_label__shape_23,Zipper-Cloak-Design-Template (1)(1).zip,Inside label.png,595,391,90,141,20,21,1.0,5,False,high,False,False,guide_previews/zipper_cloak_design_template__inside_label__shape_23_guide_preview.jpg
zipper_cloak_design_template,Zipper-Cloak-Design-Template,cloak,inside_label,inside,inside,zipper_cloak_design_template__inside_label__shape_24,Zipper-Cloak-Design-Template (1)(1).zip,Inside label.png,595,391,288,141,20,21,1.0,5,False,high,False,False,guide_previews/zipper_cloak_design_template__inside_label__shape_24_guide_preview.jpg
zipper_cloak_design_template,Zipper-Cloak-Design-Template,cloak,inside_label,inside,inside,zipper_cloak_design_template__inside_label__shape_25,Zipper-Cloak-Design-Template (1)(1).zip,Inside label.png,595,391,408,141,20,21,1.0,5,False,high,False,False,guide_previews/zipper_cloak_design_template__inside_label__shape_25_guide_preview.jpg
zipper_cloak_design_template,Zipper-Cloak-Design-Template,cloak,inside_label,inside,inside,zipper_cloak_design_template__inside_label__shape_26,Zipper-Cloak-Design-Template (1)(1).zip,Inside label.png,595,391,304,327,20,21,1.0,5,False,high,False,False,guide_previews/zipper_cloak_design_template__inside_label__shape_26_guide_preview.jpg
zipper_cloak_design_template,Zipper-Cloak-Design-Template,cloak,inside_label,inside,inside,zipper_cloak_design_template__inside_label__shape_27,Zipper-Cloak-Design-Template (1)(1).zip,Inside label.png,595,391,326,325,18,23,1.0,5,False,high,False,False,guide_previews/zipper_cloak_design_template__inside_label__shape_27_guide_preview.jpg
zipper_cloak_design_template,Zipper-Cloak-Design-Template,cloak,inside_label,inside,inside,zipper_cloak_design_template__inside_label__shape_28,Zipper-Cloak-Design-Template (1)(1).zip,Inside label.png,595,391,122,141,19,21,1.0,5,False,high,False,False,guide_previews/zipper_cloak_design_template__inside_label__shape_28_guide_preview.jpg
zipper_cloak_design_template,Zipper-Cloak-Design-Template,cloak,inside_label,inside,inside,zipper_cloak_design_template__inside_label__shape_29,Zipper-Cloak-Design-Template (1)(1).zip,Inside label.png,595,391,195,141,19,21,1.0,5,False,high,False,False,guide_previews/zipper_cloak_design_template__inside_label__shape_29_guide_preview.jpg
zipper_cloak_design_template,Zipper-Cloak-Design-Template,cloak,inside_label,inside,inside,zipper_cloak_design_template__inside_label__shape_30,Zipper-Cloak-Design-Template (1)(1).zip,Inside label.png,595,391,67,141,19,21,1.0,5,False,high,False,False,guide_previews/zipper_cloak_design_template__inside_label__shape_30_guide_preview.jpg
zipper_cloak_design_template,Zipper-Cloak-Design-Template,cloak,inside_label,inside,inside,zipper_cloak_design_template__inside_label__shape_31,Zipper-Cloak-Design-Template (1)(1).zip,Inside label.png,595,391,347,331,18,22,1.0,5,False,high,False,False,guide_previews/zipper_cloak_design_template__inside_label__shape_31_guide_preview.jpg
zipper_cloak_design_template,Zipper-Cloak-Design-Template,cloak,inside_label,inside,inside,zipper_cloak_design_template__inside_label__shape_32,Zipper-Cloak-Design-Template (1)(1).zip,Inside label.png,595,391,268,141,18,21,1.0,5,False,high,False,False,guide_previews/zipper_cloak_design_template__inside_label__shape_32_guide_preview.jpg
zipper_cloak_design_template,Zipper-Cloak-Design-Template,cloak,inside_label,inside,inside,zipper_cloak_design_template__inside_label__shape_33,Zipper-Cloak-Design-Template (1)(1).zip,Inside label.png,595,391,227,141,18,21,1.0,5,False,high,False,False,guide_previews/zipper_cloak_design_template__inside_label__shape_33_guide_preview.jpg
zipper_cloak_design_template,Zipper-Cloak-Design-Template,cloak,inside_label,inside,inside,zipper_cloak_design_template__inside_label__shape_34,Zipper-Cloak-Design-Template (1)(1).zip,Inside label.png,595,391,284,327,18,21,1.0,5,False,high,False,False,guide_previews/zipper_cloak_design_template__inside_label__shape_34_guide_preview.jpg
zipper_cloak_design_template,Zipper-Cloak-Design-Template,cloak,inside_label,inside,inside,zipper_cloak_design_template__inside_label__shape_35,Zipper-Cloak-Design-Template (1)(1).zip,Inside label.png,595,391,248,141,18,21,1.0,5,False,high,False,False,guide_previews/zipper_cloak_design_template__inside_label__shape_35_guide_preview.jpg
zipper_cloak_design_template,Zipper-Cloak-Design-Template,cloak,inside_label,inside,inside,zipper_cloak_design_template__inside_label__shape_36,Zipper-Cloak-Design-Template (1)(1).zip,Inside label.png,595,391,509,141,18,21,1.0,5,False,high,False,False,guide_previews/zipper_cloak_design_template__inside_label__shape_36_guide_preview.jpg
zipper_cloak_design_template,Zipper-Cloak-Design-Template,cloak,inside_label,inside,inside,zipper_cloak_design_template__inside_label__shape_37,Zipper-Cloak-Design-Template (1)(1).zip,Inside label.png,595,391,144,141,17,21,1.0,5,False,high,False,False,guide_previews/zipper_cloak_design_template__inside_label__shape_37_guide_preview.jpg
zipper_cloak_design_template,Zipper-Cloak-Design-Template,cloak,pocket,left,left,zipper_cloak_design_template__left_side_pocket__shape_01,Zipper-Cloak-Design-Template (1)(1).zip,Left side Pocket.png,4134,2303,478,469,2692,1543,0.21770682148040638,18,False,medium_high,True,True,guide_previews/zipper_cloak_design_template__left_side_pocket__shape_01_guide_preview.jpg
zipper_cloak_design_template,Zipper-Cloak-Design-Template,cloak,pocket,left,left,zipper_cloak_design_template__left_side_pocket__shape_02,Zipper-Cloak-Design-Template (1)(1).zip,Left side Pocket.png,4134,2303,3349,533,308,1346,0.21770682148040638,18,False,medium_high,True,True,guide_previews/zipper_cloak_design_template__left_side_pocket__shape_02_guide_preview.jpg
zipper_cloak_design_template,Zipper-Cloak-Design-Template,cloak,pocket,left,left,zipper_cloak_design_template__left_side_pocket__shape_03,Zipper-Cloak-Design-Template (1)(1).zip,Left side Pocket.png,4134,2303,2104,271,873,138,0.21770682148040638,18,False,medium_high,True,True,guide_previews/zipper_cloak_design_template__left_side_pocket__shape_03_guide_preview.jpg
zipper_cloak_design_template,Zipper-Cloak-Design-Template,cloak,pocket,unknown,component_1,zipper_cloak_design_template__pockets__shape_01,Zipper-Cloak-Design-Template (1)(1).zip,Pockets.png,4665,5728,2418,356,1381,2418,0.15712290502793297,18,False,medium_high,True,True,guide_previews/zipper_cloak_design_template__pockets__shape_01_guide_preview.jpg
zipper_cloak_design_template,Zipper-Cloak-Design-Template,cloak,pocket,unknown,component_2,zipper_cloak_design_template__pockets__shape_02,Zipper-Cloak-Design-Template (1)(1).zip,Pockets.png,4665,5728,859,356,1381,2418,0.15712290502793297,18,False,medium_high,True,True,guide_previews/zipper_cloak_design_template__pockets__shape_02_guide_preview.jpg
zipper_cloak_design_template,Zipper-Cloak-Design-Template,cloak,pocket,unknown,component_3,zipper_cloak_design_template__pockets__shape_03,Zipper-Cloak-Design-Template (1)(1).zip,Pockets.png,4665,5728,2418,2953,1381,2418,0.15712290502793297,18,False,medium_high,True,True,guide_previews/zipper_cloak_design_template__pockets__shape_03_guide_preview.jpg
zipper_cloak_design_template,Zipper-Cloak-Design-Template,cloak,pocket,unknown,component_4,zipper_cloak_design_template__pockets__shape_04,Zipper-Cloak-Design-Template (1)(1).zip,Pockets.png,4665,5728,859,2953,1381,2418,0.15712290502793297,18,False,medium_high,True,True,guide_previews/zipper_cloak_design_template__pockets__shape_04_guide_preview.jpg
zipper_cloak_design_template,Zipper-Cloak-Design-Template,cloak,pocket,right,right,zipper_cloak_design_template__right_side_pocket__shape_01,Zipper-Cloak-Design-Template (1)(1).zip,Right side Pocket.png,3071,3071,331,624,2406,1846,0.29306414848583523,18,False,medium_high,True,True,guide_previews/zipper_cloak_design_template__right_side_pocket__shape_01_guide_preview.jpg
zipper_cloak_design_template,Zipper-Cloak-Design-Template,cloak,pocket,right,right,zipper_cloak_design_template__right_side_pocket__shape_02,Zipper-Cloak-Design-Template (1)(1).zip,Right side Pocket.png,3071,3071,1092,427,874,136,0.29306414848583523,18,False,medium_high,True,True,guide_previews/zipper_cloak_design_template__right_side_pocket__shape_02_guide_preview.jpg
zipper_cloak_design_template,Zipper-Cloak-Design-Template,cloak,sleeve,unknown,component_1,zipper_cloak_design_template__sleeves__shape_01,Zipper-Cloak-Design-Template (1)(1).zip,Sleeves.png,8268,5728,4226,138,3886,5255,0.10885341074020319,10,False,medium_high,False,False,guide_previews/zipper_cloak_design_template__sleeves__shape_01_guide_preview.jpg
zipper_cloak_design_template,Zipper-Cloak-Design-Template,cloak,sleeve,unknown,component_2,zipper_cloak_design_template__sleeves__shape_02,Zipper-Cloak-Design-Template (1)(1).zip,Sleeves.png,8268,5728,156,138,3886,3849,0.10885341074020319,10,False,medium_high,False,False,guide_previews/zipper_cloak_design_template__sleeves__shape_02_guide_preview.jpg
zipper_cloak_design_template,Zipper-Cloak-Design-Template,cloak,sleeve,unknown,component_3,zipper_cloak_design_template__sleeves__shape_03,Zipper-Cloak-Design-Template (1)(1).zip,Sleeves.png,8268,5728,4722,4116,2692,1461,0.10885341074020319,10,False,medium_high,False,False,guide_previews/zipper_cloak_design_template__sleeves__shape_03_guide_preview.jpg
zipper_cloak_design_template,Zipper-Cloak-Design-Template,cloak,sleeve,unknown,component_4,zipper_cloak_design_template__sleeves__shape_04,Zipper-Cloak-Design-Template (1)(1).zip,Sleeves.png,8268,5728,202,220,1598,1350,0.10885341074020319,10,False,medium_high,False,False,guide_previews/zipper_cloak_design_template__sleeves__shape_04_guide_preview.jpg
zipper_cloak_design_template,Zipper-Cloak-Design-Template,cloak,sleeve,unknown,component_5,zipper_cloak_design_template__sleeves__shape_05,Zipper-Cloak-Design-Template (1)(1).zip,Sleeves.png,8268,5728,6467,220,1598,1350,0.10885341074020319,10,False,medium_high,False,False,guide_previews/zipper_cloak_design_template__sleeves__shape_05_guide_preview.jpg
zipper_cloak_design_template,Zipper-Cloak-Design-Template,cloak,sleeve,unknown,component_6,zipper_cloak_design_template__sleeves__shape_06,Zipper-Cloak-Design-Template (1)(1).zip,Sleeves.png,8268,5728,854,5402,2490,175,0.10885341074020319,10,False,medium_high,False,False,guide_previews/zipper_cloak_design_template__sleeves__shape_06_guide_preview.jpg
